order_id,restaurant_id,restaurant_name,customer_id,customer_name,delivery_address,cuisine,item_count,subtotal_gbp,delivery_fee_gbp,total_gbp,payment_method,order_status,order_timestamp,delivery_minutes,driver_rating,is_dirty
ORD-00001,RES-001,The Golden Fork,CUST-3803,William Jennings,"2 Sian Streets, New Maryton, E3 8ZA",Japanese,5,86.9,3.89,90.79,cash,cancelled,2026-04-21T23:04:07,62,1.3,False
ORD-00002,RES-001,The Golden Fork,CUST-4752,Nigel Edwards,"94 Sam Square, Cookberg, N11 1QQ",Italian,4,68.44,4.44,72.88,wallet,preparing,2026-02-03T22:08:21,60,4.1,False
ORD-00003,RES-001,The Golden Fork,CUST-8517,Wayne Gough,"18 Norton River, Melissaborough, BR0X 4DJ",American,6,58.8,3.24,62.04,wallet,cancelled,2026-03-26T08:12:22,56,4.5,False
ORD-00004,RES-001,The Golden Fork,CUST-3266,Mr Karl White,,Japanese,7,142.94,2.89,145.83,voucher,delivered,2026-03-30T10:50:46,36,1.9,True
ORD-00005,RES-001,The Golden Fork,CUST-8668,Ben Watts,"5 Phillips Forest, Phillipfort, WV72 2JX",Japanese,7,110.18,2.84,113.02,wallet,delivered,2026-05-21T07:16:40,30,3.4,False
ORD-00006,RES-001,The Golden Fork,CUST-3591,Wayne Morris,"Flat 32G, Green Causeway, East Teresaburgh, KW9B 6ZT",Indian,5,92.05,2.69,94.74,card,in_transit,2025-12-09T11:18:37,54,2.2,False
ORD-00007,RES-001,The Golden Fork,CUST-7126,Malcolm Coates,"845 Billy Mews, South Paul, WS4V 8EN",American,5,97.75,3.27,101.02,card,in_transit,2026-01-25T04:53:22,26,1.8,False
ORD-00008,RES-001,The Golden Fork,CUST-2290,Mr Martin Patel,"570 Linda Wells, Shaneton, E17 8FF",Italian,5,51.05,2.34,53.39,voucher,delivered,2026-01-28T10:18:21,43,3.3,False
ORD-00009,RES-001,The Golden Fork,CUST-4470,Frank May,"Studio 96, Sheila Throughway, Lake Graeme, SG57 1JJ",Japanese,3,31.83,4.54,36.37,cash,in_transit,2026-01-17T06:17:38,50,2.7,False
ORD-00010,RES-001,The Golden Fork,CUST-4770,Judith Brown,"1 Bernard Cliff, Port Mohamedland, L4S 3XF",Japanese,8,67.04,2.28,69.32,cash,delivered,2026-02-19T12:44:57,48,2.4,False
ORD-00011,RES-001,The Golden Fork,CUST-4899,Mitchell Allen-Smith,"Flat 11, Nixon Loop, Taylorton, SA1A 5EJ",Mexican,2,41.06,4.5,45.56,voucher,cancelled,2026-05-14T11:46:17,34,1.3,False
ORD-00012,RES-001,The Golden Fork,CUST-2545,Barbara Wilkinson,"Flat 47, Keith Mills, North Naomiside, E3 6UU",Italian,8,82.16,3.15,85.31,voucher,in_transit,2026-01-15T05:39:21,56,2.6,False
ORD-00013,RES-001,The Golden Fork,CUST-7596,Suzanne Poole,"Flat 6, Bennett Tunnel, Hussainside, SP7E 4HB",Mediterranean,1,-18.55,4.93,-40.42,wallet,delivered,2026-02-13T20:56:25,66,1.4,True
ORD-00014,RES-001,The Golden Fork,CUST-2604,Mathew Long,,Italian,4,80.2,1.76,81.96,card,delivered,2026-04-27T21:15:03,49,4.2,True
ORD-00015,RES-001,The Golden Fork,CUST-1035,Harry Jackson,"99 Hudson Ford, Shaneview, CO47 1AT",Indian,4,79.6,4.65,84.25,wallet,preparing,2026-04-03T04:59:49,50,1.7,False
ORD-00016,RES-001,The Golden Fork,,,"425 Duncan Land, Charlesmouth, M9U 8NE",Italian,8,71.2,2.54,73.74,wallet,delivered,2026-03-20T20:41:34,70,4.9,True
ORD-00017,RES-001,The Golden Fork,CUST-2122,Holly Clark,"49 Glenn Ford, Leannefort, ZE0 6LB",Japanese,3,22.14,3.27,25.41,card,cancelled,not-a-date,74,4.4,True
ORD-00018,RES-001,The Golden Fork,CUST-5272,Zoe Vaughan,"786 Nathan Club, New Alan, PA8 6FB",American,2,26.0,3.54,29.54,wallet,cancelled,2026-01-08T02:48:42,22,3.1,False
ORD-00019,RES-001,The Golden Fork,CUST-1152,Shannon Sutton-Coles,"Flat 31, Porter Well, Simpsonberg, G26 2PS",Indian,5,67.95,4.74,72.69,card,delivered,2026-03-26T22:17:38,61,4.7,False
ORD-00020,RES-001,The Golden Fork,CUST-3584,Mr Aaron Walsh,"Flat 7, Marc Viaduct, Stonebury, B36 4DL",Indian,6,120.9,4.57,125.47,wallet,delivered,2026-01-16T03:54:04,28,2.5,False
ORD-00021,RES-001,The Golden Fork,CUST-2753,Dr Annette Robinson,"4 Kimberley Greens, North Jodiechester, SS5 9WE",Mediterranean,2,42.1,1.97,44.07,cash,in_transit,2025-12-13T17:06:21,62,1.5,False
ORD-00022,RES-001,The Golden Fork,CUST-5114,Ms Pamela Thomas,"835 Rees Shores, Saramouth, WD1Y 8NS",Italian,4,68.64,4.48,73.12,card,preparing,2026-03-21T15:12:35,41,3.0,False
ORD-00023,RES-001,The Golden Fork,,,"62 Stevenson Village, West Mitchellborough, TN99 7TT",Japanese,3,49.14,2.41,51.55,card,delivered,2026-03-24T09:25:59,69,4.0,True
ORD-00024,RES-001,The Golden Fork,CUST-6050,Kenneth Lewis,"89 Green Terrace, Lake Dylan, L20 3UZ",Mexican,6,-13.33,2.02,-15.9,card,in_transit,2025-12-08T05:52:18,73,1.5,True
ORD-00025,RES-001,The Golden Fork,CUST-3900,Mr Julian Carroll,"Studio 6, Sean Shoal, Port Kennethchester, G87 8JE",Indian,3,62.55,2.33,64.88,card,cancelled,2026-03-03T16:29:25,46,1.7,False
ORD-00026,RES-001,The Golden Fork,CUST-1634,Joseph Roberts,"Studio 86, Bartlett Summit, Powerbury, FY8R 4TD",Indian,4,42.56,4.25,46.81,cash,cancelled,2026-03-08T20:34:38,75,1.4,False
ORD-00027,RES-001,The Golden Fork,CUST-5564,Gareth Henry-Goodwin,"3 Faulkner Squares, North Elizabeth, HP87 0HS",Italian,4,39.84,3.8,43.64,wallet,in_transit,2026-02-04T23:06:28,70,2.6,False
ORD-00028,RES-001,The Golden Fork,CUST-3925,Mrs Carly Palmer,"Flat 66I, Holly Forges, Amandafort, S5 2TF",Japanese,6,126.36,1.9,128.26,wallet,delivered,2025-12-19T18:00:37,73,4.9,False
ORD-00029,RES-001,The Golden Fork,CUST-4114,Vincent Payne,"6 Bethany Falls, West Jessicamouth, W55 4SL",Mexican,6,79.56,4.93,84.49,card,preparing,2026-05-05T14:58:58,66,1.5,False
ORD-00030,RES-001,The Golden Fork,CUST-6409,Mr Damian Brown,"Flat 10, Louis Flats, New Carlbury, W19 7LQ",Japanese,4,48.6,1.74,50.34,wallet,delivered,2026-06-01T17:26:29,54,3.7,False
ORD-00031,RES-001,The Golden Fork,CUST-7888,Katy Jenkins,"19 Graeme Ports, Frostborough, L1 9EY",Mediterranean,6,76.44,2.53,78.97,voucher,cancelled,2026-03-17T18:06:38,46,1.5,False
ORD-00032,RES-001,The Golden Fork,CUST-6279,Mr Kyle Kent,"506 Webb Lake, Goddardchester, M98 7SY",Indian,1,11.21,2.23,13.44,voucher,preparing,2025-12-26T16:06:55,55,4.1,False
ORD-00033,RES-001,The Golden Fork,CUST-6491,Georgia Barton-Holden,"Studio 3, Pearce Skyway, Holtfort, DE7 5LP",Italian,3,50.13,2.49,52.62,cash,in_transit,2025-12-12T03:53:50,70,3.7,False
ORD-00034,RES-001,The Golden Fork,CUST-8461,Hilary Harrison-White,"3 Jones Trace, Lake Alice, SP7R 1NJ",Indian,4,87.0,3.63,90.63,cash,preparing,2026-04-06T04:17:19,22,4.1,False
ORD-00035,RES-001,The Golden Fork,CUST-7965,Ms Natasha Adams,"Studio 85, Turner Plaza, Jaymouth, HA4 1HP",American,1,20.34,4.5,24.84,cash,preparing,2026-01-26T22:11:11,61,4.5,False
ORD-00036,RES-001,The Golden Fork,CUST-6198,Sara Watson,"7 Wood Trace, Oliverborough, DY5 4AX",Indian,2,-21.02,4.3,-12.82,voucher,preparing,2026-05-20T17:10:22,74,3.7,True
ORD-00037,RES-001,The Golden Fork,CUST-5681,Valerie Thomas,"Studio 27g, Marion Haven, Jonesmouth, B47 1RU",American,8,129.68,2.46,132.14,wallet,in_transit,2026-03-28T02:32:40,37,1.3,False
ORD-00038,RES-001,The Golden Fork,CUST-7797,Carly Johnson,"9 Cunningham Gateway, New Helenbury, S7H 9SN",Indian,4,49.76,2.03,51.79,wallet,preparing,2026-03-12T17:21:12,29,1.9,False
ORD-00039,RES-001,The Golden Fork,CUST-7232,Dylan Howard,"341 Shane Extensions, East Paulchester, SM97 0JN",Indian,7,143.64,3.54,147.18,card,in_transit,2026-02-16T09:12:27,46,3.8,False
ORD-00040,RES-001,The Golden Fork,CUST-4613,Patrick Campbell-Price,"Studio 93B, Paige Fork, West Patrick, B2 9YN",Indian,7,103.88,4.06,107.94,cash,in_transit,2026-03-17T21:31:23,73,4.2,False
ORD-00041,RES-001,The Golden Fork,,,"Flat 88F, Francis Canyon, Hunterview, E3 4YB",Italian,7,124.04,4.43,128.47,voucher,delivered,2026-02-10T19:24:56,41,4.7,True
ORD-00042,RES-001,The Golden Fork,CUST-6355,Mr Damian Reynolds,"Flat 96, Morgan Mountains, Michellemouth, SG1 5SU",Mexican,3,21.84,2.82,24.66,voucher,in_transit,2025-12-19T21:17:25,49,1.8,False
ORD-00043,RES-001,The Golden Fork,CUST-4673,Joyce Harding-Bradley,"Flat 5, Turnbull Trail, Taylortown, WR8R 0HW",Mediterranean,1,18.11,1.68,19.79,card,delivered,2026-02-15T01:33:15,50,4.8,False
ORD-00044,RES-001,The Golden Fork,CUST-4571,Dr Aimee Williams,"82 Williams Square, O'Neillbury, CW4V 8SD",Indian,3,30.6,3.15,33.75,wallet,in_transit,2026-05-26T03:13:27,21,1.5,False
ORD-00045,RES-001,The Golden Fork,CUST-1420,Amy Hall,"48 Allan Orchard, Smithside, S39 1LS",Mexican,0,0.0,2.07,2.07,voucher,preparing,2026-04-20T14:47:33,65,2.2,True
ORD-00046,RES-001,The Golden Fork,CUST-2983,Miss Susan Bird,"Flat 78, Ward Plaza, Murphymouth, L96 6BP",Japanese,4,32.32,4.2,36.52,card,in_transit,2026-04-13T07:48:36,73,4.4,False
ORD-00047,RES-001,The Golden Fork,CUST-8102,Frank Cole-Barker,"02 Taylor Well, Spencermouth, G6 1UL",Mexican,6,40.2,2.97,43.17,voucher,cancelled,2026-01-16T20:43:57,24,3.0,False
ORD-00048,RES-001,The Golden Fork,CUST-8616,Dr Gail Francis,,Indian,5,80.25,4.71,84.96,wallet,in_transit,2026-02-11T04:39:47,61,4.1,True
ORD-00049,RES-001,The Golden Fork,CUST-6511,Mrs Stephanie Evans,"8 Armstrong Turnpike, East Clive, S9 7YF",Italian,4,72.52,3.49,76.01,voucher,in_transit,2026-04-01T08:08:24,48,3.7,False
ORD-00050,RES-001,The Golden Fork,,,"Studio 07s, Liam Mills, Kateport, KW4R 3RU",Japanese,5,58.9,4.57,63.47,card,cancelled,2026-04-16T19:12:58,71,3.8,True
ORD-00051,RES-001,The Golden Fork,CUST-1282,Elaine Palmer,"Studio 40Q, Robertson Port, New Jeanport, N33 2EB",Italian,4,68.8,3.75,72.55,wallet,cancelled,2026-04-01T10:59:49,55,3.0,False
ORD-00052,RES-001,The Golden Fork,CUST-6419,Beverley Rhodes-Hargreaves,"56 Marc Curve, Melaniehaven, WA2 7NP",Mexican,6,83.04,3.35,86.39,voucher,null,2026-02-18T12:11:01,62,2.7,True
ORD-00053,RES-001,The Golden Fork,CUST-4138,Mr Donald Robson,"685 Hannah Bridge, Paulaville, IG49 5EJ",American,0,0.0,4.82,4.82,voucher,in_transit,2026-04-04T06:40:08,40,3.8,True
ORD-00054,RES-001,The Golden Fork,CUST-9751,James Bibi,"174 Clark Cape, West Valerieville, L8 6TQ",American,4,44.36,2.76,47.12,wallet,delivered,2026-01-02T17:48:02,26,2.2,False
ORD-00055,RES-001,The Golden Fork,CUST-8843,Damien Harding,"17 Singh Harbors, Lake Laurenborough, LA35 5XQ",Indian,8,64.72,1.54,66.26,wallet,cancelled,2026-05-19T17:07:36,28,2.1,False
ORD-00056,RES-001,The Golden Fork,CUST-1878,Andrea White,"Flat 3, Adam Turnpike, Normanberg, L1W 9HJ",American,2,25.42,1.76,27.18,cash,in_transit,2026-05-20T01:30:50,27,3.5,False
ORD-00057,RES-001,The Golden Fork,CUST-9561,Ms Hilary Harper,"421 Wayne Bridge, Frankshire, BA2 0FS",Indian,7,111.3,4.26,115.56,voucher,preparing,2026-05-12T03:18:45,68,1.9,False
ORD-00058,RES-001,The Golden Fork,CUST-4404,Kevin Morris,"Flat 89g, Heath Ridges, Lake Katyhaven, LE0 7RS",Mediterranean,0,0.0,4.08,4.08,cash,in_transit,2026-03-17T15:59:01,56,4.8,True
ORD-00059,RES-001,The Golden Fork,CUST-8699,Alexander Jones,"5 Gary Crossroad, Sarashire, N6K 7WZ",Mexican,2,17.86,2.93,20.79,card,cancelled,2026-05-13T05:11:09,55,3.8,False
ORD-00060,RES-001,The Golden Fork,CUST-4241,Mrs Diana Clark,"Studio 3, Cook Motorway, Sandersonville, KW5 5FU",Indian,8,60.8,2.31,63.11,card,cancelled,2026-03-20T12:07:36,75,2.1,False
ORD-00061,RES-001,The Golden Fork,CUST-5728,Joanne Lee,"Flat 5, Suzanne Circle, Vanessaville, HU60 9NQ",Indian,3,22.83,2.08,24.91,card,preparing,2025-12-19T05:28:03,72,2.2,False
ORD-00062,RES-001,The Golden Fork,CUST-6280,Carly O'Sullivan,"Flat 15, Clark Harbors, Port Anne, B9S 0GL",Japanese,8,106.32,3.59,109.91,wallet,delivered,2025-12-08T00:41:55,37,4.6,False
ORD-00063,RES-001,The Golden Fork,CUST-1659,Dean Woodward-Dodd,"612 George Summit, South Samantha, HR25 5YZ",American,1,21.99,3.85,25.84,voucher,preparing,2026-05-10T02:42:27,75,2.1,False
ORD-00064,RES-001,The Golden Fork,CUST-6260,Margaret Bryan,"76 Jenkins Mall, Robinhaven, N6 4YU",Mediterranean,8,172.16,3.14,175.3,card,shipped,2026-03-23T04:48:53,60,2.6,True
ORD-00065,RES-001,The Golden Fork,CUST-7622,Brett Herbert,"Studio 00, Josh Forest, Port Conor, HG1 7SG",Japanese,1,13.55,2.6,16.15,card,preparing,2025-12-06T19:07:38,45,2.3,False
ORD-00066,RES-001,The Golden Fork,CUST-9998,Janice Kent,"Flat 6, Amanda Brook, Woodwardmouth, S9G 4ER",American,8,129.52,4.15,133.67,wallet,preparing,2026-02-17T09:13:47,43,1.8,False
ORD-00067,RES-001,The Golden Fork,CUST-7684,Maureen Thompson,"Flat 6, Norman Mews, Barryfurt, SW5 5GD",Italian,4,70.0,2.58,72.58,cash,delivered,2025-12-05T19:19:19,60,1.1,False
ORD-00068,RES-001,The Golden Fork,CUST-7807,Elliott Clark,"Flat 23g, Douglas Flat, New Carl, BS2X 7YY",Indian,8,167.68,2.52,170.2,voucher,cancelled,2026-02-04T06:44:27,29,3.8,False
ORD-00069,RES-001,The Golden Fork,CUST-7798,Maurice Bennett,"Flat 71, Williams Hollow, Marieton, MK1 7TB",Mexican,3,59.67,2.46,62.13,wallet,delivered,2026-02-05T17:16:56,32,4.2,False
ORD-00070,RES-001,The Golden Fork,CUST-6446,Sheila Lee,"986 Jackson Turnpike, South Alexandraborough, PL7 0TE",Japanese,8,159.28,3.06,162.34,voucher,preparing,2026-03-21T11:06:27,57,2.9,False
ORD-00071,RES-001,The Golden Fork,CUST-8749,Dr Luke Pollard,"7 Barry Ridge, West Christine, IP6 9BP",Mediterranean,7,70.84,4.21,75.05,voucher,preparing,2026-03-12T03:42:05,56,1.2,False
ORD-00072,RES-001,The Golden Fork,CUST-8213,Maria Green,"Flat 92v, Carole Shore, West Dylan, SN6E 4XR",Italian,0,0.0,3.56,3.56,voucher,delivered,2025-12-14T14:16:49,22,4.5,True
ORD-00073,RES-001,The Golden Fork,CUST-7512,Roger Bradley,"Studio 50, Herbert Forest, Danielleborough, G21 1WX",Mediterranean,2,27.56,4.88,32.44,card,in_transit,2026-04-26T20:30:39,29,2.4,False
ORD-00074,RES-001,The Golden Fork,CUST-5708,Mr Mohamed Holt,"Flat 22, Jennifer Cape, Hargreavesbury, PO47 8JN",American,8,160.16,1.63,161.79,card,preparing,2025-12-11T17:02:00,60,1.3,False
ORD-00075,RES-001,The Golden Fork,CUST-6314,Dr Lewis Chan,"Flat 68H, Morgan Viaduct, Port Rachael, M07 8EW",Italian,8,72.64,2.55,75.19,wallet,in_transit,2026-05-07T13:40:25,26,1.1,False
ORD-00076,RES-001,The Golden Fork,CUST-2293,Mr Patrick Short,"Studio 8, Amanda Course, Port Barbara, BB6 6WQ",Japanese,7,106.89,4.27,111.16,voucher,cancelled,2026-02-26T21:17:05,53,1.7,False
ORD-00077,RES-001,The Golden Fork,CUST-8622,Lorraine Turner,"5 Francesca Isle, East Ian, WA7 7TZ",Mexican,5,68.1,3.83,71.93,cash,delivered,2026-01-25T16:17:06,49,4.6,False
ORD-00078,RES-001,The Golden Fork,CUST-7302,Hannah Brown,"986 Gerard Freeway, Adrianton, S97 1UZ",Indian,7,120.4,3.09,123.49,card,cancelled,2026-02-08T22:49:01,60,2.2,False
ORD-00079,RES-001,The Golden Fork,CUST-1132,John Mistry,"60 Smith Mall, Lake Aimee, N1 6UB",Japanese,5,34.2,4.4,38.6,card,preparing,2026-02-24T16:03:44,38,2.6,False
ORD-00080,RES-001,The Golden Fork,CUST-3240,Gordon Robinson,"15 Sylvia Road, Port Kimberleymouth, B58 2TU",Mediterranean,4,65.48,3.67,69.15,card,shipped,2026-03-21T02:47:29,42,3.7,True
ORD-00081,RES-001,The Golden Fork,CUST-4289,George Barker,"Flat 4, Samuel Turnpike, North Guy, ML6 4BH",American,2,41.2,2.64,43.84,wallet,in_transit,2026-05-24T16:02:34,28,2.7,False
ORD-00082,RES-001,The Golden Fork,CUST-2233,Eleanor Taylor-Parker,,American,5,90.35,2.68,93.03,cash,preparing,2026-04-21T01:27:28,50,1.5,True
ORD-00083,RES-001,The Golden Fork,CUST-5295,Mr Phillip Ferguson,"Flat 11u, Rogers Rapids, Thompsonmouth, LD0 9SL",Japanese,1,10.6,1.93,12.53,voucher,in_transit,2026-01-10T23:20:30,45,2.5,False
ORD-00084,RES-001,The Golden Fork,CUST-8606,Matthew Tucker,"Studio 20, Tina Springs, Howellsland, N56 9FT",Mediterranean,6,124.14,2.27,126.41,wallet,preparing,2026-05-05T13:11:50,21,1.3,False
ORD-00085,RES-001,The Golden Fork,CUST-7367,Miss Melissa Miller,"Studio 5, Smith Crescent, Lake Christianfort, S8B 4TH",Indian,8,66.4,2.32,68.72,wallet,preparing,2026-05-04T06:24:18,39,3.2,False
ORD-00086,RES-001,The Golden Fork,CUST-5583,Gareth Faulkner,"2 Alison Extensions, Turnermouth, HS1V 4GG",Italian,2,38.84,3.65,42.49,wallet,cancelled,2026-01-02T10:40:11,46,4.8,False
ORD-00087,RES-001,The Golden Fork,CUST-6876,Dr Conor Wilson,"7 Rebecca Plaza, Jadeside, E14 7WS",Italian,2,43.4,2.78,46.18,voucher,in_transit,2026-02-08T20:10:26,43,4.6,False
ORD-00088,RES-001,The Golden Fork,CUST-1349,Dr Gerard Ford,"78 Clarke Village, Port Callum, MK01 4GG",Italian,2,33.54,3.74,37.28,wallet,cancelled,2026-04-15T06:31:28,49,3.4,False
ORD-00089,RES-001,The Golden Fork,CUST-3417,Ms Debra May,"38 Harvey Hollow, New Jemmaburgh, G2S 9BA",Japanese,4,62.36,4.34,66.7,card,in_transit,2026-04-30T16:13:16,73,1.9,False
ORD-00090,RES-001,The Golden Fork,CUST-6869,Gemma Wells,"690 Gregory Plains, Jemmaport, EH64 1BG",American,3,24.6,4.52,29.12,wallet,delivered,2026-04-26T05:52:04,71,1.5,False
ORD-00091,RES-001,The Golden Fork,CUST-6931,Gavin Jones,"Studio 25, Hunter Wall, Traceyberg, ML8 5JT",Japanese,7,102.55,4.1,106.65,card,preparing,2026-04-19T02:23:12,67,2.9,False
ORD-00092,RES-001,The Golden Fork,CUST-8847,Wendy Power,"4 Taylor Manor, Port Sam, OX5 2UW",Indian,5,68.0,4.86,72.86,voucher,delivered,2026-01-25T02:47:18,66,1.2,False
ORD-00093,RES-001,The Golden Fork,CUST-9984,Frederick Shaw,"6 Morgan Forge, Anthonyton, ME9 4XA",Mediterranean,2,22.98,2.02,25.0,wallet,preparing,2026-01-27T11:27:52,24,1.5,False
ORD-00094,RES-001,The Golden Fork,CUST-4522,Mr Robin Macdonald,"Studio 5, Joanne Center, West Andrea, BS6 8LZ",Indian,7,56.28,3.95,60.23,voucher,cancelled,2025-12-31T18:07:51,52,4.4,False
ORD-00095,RES-001,The Golden Fork,CUST-5176,Stewart Iqbal,"Flat 58x, Joe Rapids, Knightton, G5 8TF",Mexican,7,124.67,2.59,127.26,cash,preparing,2026-02-16T23:33:51,45,2.3,False
ORD-00096,RES-001,The Golden Fork,CUST-1982,Douglas Davidson,"94 O'Sullivan Pass, Waltersport, TW05 1SY",Japanese,7,56.0,4.08,60.08,wallet,delivered,2026-05-16T07:33:15,25,4.2,False
ORD-00097,RES-001,The Golden Fork,CUST-6119,Beth Johnson-Anderson,"097 Judith Roads, Kennedybury, E3 7PS",Mexican,7,139.72,4.02,143.74,card,cancelled,2026-02-16T22:30:38,68,4.9,False
ORD-00098,RES-001,The Golden Fork,CUST-5564,Chelsea Marshall,"Studio 02H, Chelsea Islands, Careymouth, W85 4ZU",Japanese,2,23.86,3.44,27.3,cash,preparing,2026-04-23T12:56:06,74,1.5,False
ORD-00099,RES-001,The Golden Fork,CUST-1474,Catherine White,"43 Saunders Keys, Gerardville, S6W 2NB",American,1,15.94,3.8,19.74,wallet,null,2026-01-09T14:46:37,61,3.8,True
ORD-00100,RES-001,The Golden Fork,CUST-2503,Hannah Ward-Williams,"Flat 38, Begum Square, Ashleyville, L3A 3BE",Mediterranean,7,53.06,4.09,57.15,cash,preparing,2026-06-01T04:31:11,56,4.9,False
ORD-00101,RES-001,The Golden Fork,CUST-2391,Miss Marie Spencer,"267 Horton Throughway, Dannyport, BN1X 8BG",Italian,5,88.4,4.21,92.61,cash,cancelled,2026-02-14T20:05:10,43,3.3,False
ORD-00102,RES-001,The Golden Fork,CUST-5475,Ms Karen Turner,"Flat 40, Joel Port, West Glenmouth, NP8R 8TL",American,8,134.08,3.19,137.27,card,in_transit,not-a-date,37,2.8,True
ORD-00103,RES-001,The Golden Fork,CUST-1125,Victoria Butcher,"Studio 20V, James Port, East Kathryn, YO6P 1RE",American,5,36.0,2.88,38.88,wallet,cancelled,2026-03-21T12:42:43,51,3.4,False
ORD-00104,RES-001,The Golden Fork,CUST-9725,Diane Jones,"63 Mitchell Isle, Caroleshire, M5 0ET",Mediterranean,1,14.21,3.0,17.21,cash,in_transit,2026-04-28T02:08:00,27,1.5,False
ORD-00105,RES-001,The Golden Fork,CUST-8033,Tracy Stevenson-Kerr,"459 Gerald Dale, Gouldstad, SN87 3ZD",Japanese,7,47.53,4.71,52.24,voucher,preparing,2026-05-14T21:30:33,22,4.4,False
ORD-00106,RES-001,The Golden Fork,CUST-6928,Francis Hill,"108 Marion Plain, East Toby, W1S 9UD",Italian,3,56.76,3.66,60.42,voucher,delivered,2026-03-20T07:01:19,40,4.3,False
ORD-00107,RES-001,The Golden Fork,CUST-6456,Francis Law,"679 Yvonne Mountain, Danielfurt, TW0 9DB",American,2,25.26,2.58,27.84,card,delivered,2026-03-31T20:48:55,53,2.4,False
ORD-00108,RES-001,The Golden Fork,CUST-3419,Miss Diana Collins,"04 Gardner Dale, Patelfurt, WR66 8FQ",American,6,71.64,4.84,76.48,card,cancelled,2026-01-17T18:13:23,69,3.6,False
ORD-00109,RES-001,The Golden Fork,CUST-8354,Louise Turner,"300 Hall Stravenue, Kentbury, W52 3EB",Mediterranean,2,18.5,4.2,22.7,wallet,in_transit,2026-03-29T04:14:42,29,3.0,False
ORD-00110,RES-001,The Golden Fork,CUST-2215,Dr Mohammad Miller,"1 Marilyn Bypass, Andersonton, B67 8HB",Mexican,5,94.2,3.56,97.76,voucher,preparing,2026-04-24T20:21:50,48,2.4,False
ORD-00111,RES-001,The Golden Fork,CUST-9307,Lynda Turner,"Studio 95, Josh Wells, Lake Maria, S44 8YG",Indian,2,32.98,4.91,37.89,voucher,delivered,yesterday,38,1.4,True
ORD-00112,RES-001,The Golden Fork,,,"68 Booth Lodge, West Nicola, W33 2TB",Mediterranean,3,64.02,3.07,67.09,card,cancelled,2025-12-18T04:05:42,50,4.2,True
ORD-00113,RES-001,The Golden Fork,,,"Flat 43, Willis Mission, Colinside, WA3A 6ZZ",Mediterranean,3,36.42,4.7,41.12,card,in_transit,2026-03-30T11:57:52,53,2.5,True
ORD-00114,RES-001,The Golden Fork,CUST-3463,Deborah Kay,"Flat 54, Phillip Field, Lake Catherinebury, PL3P 8PN",Mexican,5,52.05,4.47,56.52,card,cancelled,2026-03-10T06:50:37,44,4.9,False
ORD-00115,RES-001,The Golden Fork,CUST-7171,Dr Brenda Brooks,"Flat 87D, Pauline Trace, Dennisstad, KA0 2AL",Mediterranean,0,0.0,3.97,3.97,wallet,cancelled,2026-03-05T00:44:36,62,1.3,True
ORD-00116,RES-001,The Golden Fork,CUST-6940,Iain Jackson,"Flat 35, Jessica Port, South Georgina, SL5M 7TG",Mexican,2,33.02,2.98,36.0,cash,cancelled,2025-12-04T10:42:22,53,2.4,False
ORD-00117,RES-001,The Golden Fork,CUST-9843,Edward Thompson-Atkinson,,Mediterranean,3,23.1,4.45,27.55,card,in_transit,2026-03-06T19:14:06,28,1.4,True
ORD-00118,RES-001,The Golden Fork,CUST-3712,Rosie Todd,"Flat 0, Brown Pines, Paulaport, S2 1WF",Mediterranean,3,27.9,3.92,31.82,voucher,delivered,2025-12-26T05:47:56,29,3.5,False
ORD-00119,RES-001,The Golden Fork,CUST-4833,Alison Bibi,"Flat 61x, Nicholls Gardens, West Lydia, B1 6RX",Japanese,8,127.68,4.13,131.81,cash,in_transit,2026-02-16T22:42:34,35,4.1,False
ORD-00120,RES-001,The Golden Fork,CUST-9641,Matthew Woods,,Indian,8,109.28,2.48,111.76,cash,cancelled,2026-02-02T04:02:37,56,2.5,True
ORD-00121,RES-001,The Golden Fork,CUST-9452,Andrew Gardner,"9 Patricia Club, Benshire, S85 2DW",Italian,8,160.4,3.44,163.84,wallet,delivered,2025-12-30T05:31:04,23,1.4,False
ORD-00122,RES-001,The Golden Fork,CUST-8391,Kyle Collier-Williams,"Studio 99, Morgan Islands, Lake Abdulmouth, DY58 6GY",Mexican,3,58.14,1.82,59.96,card,preparing,2026-04-22T01:57:23,52,4.6,False
ORD-00123,RES-001,The Golden Fork,CUST-2623,Karl Cunningham,"114 Jessica Station, Lake Janet, HX1 0NT",Mediterranean,7,153.44,2.81,156.25,wallet,cancelled,2026-05-19T21:53:57,35,1.1,False
ORD-00124,RES-001,The Golden Fork,CUST-8349,Miss Jane Daniels,"Studio 8, Webb Corners, Andrealand, N6A 6RD",Japanese,8,138.32,1.98,140.3,card,delivered,2026-04-28T09:07:22,73,3.8,False
ORD-00125,RES-001,The Golden Fork,CUST-1782,Leonard Howe-Stewart,"Flat 24, Phillips Drive, East Tracyview, GU71 4JU",American,7,57.54,2.51,60.05,voucher,preparing,2026-05-29T02:12:27,29,2.2,False
ORD-00126,RES-001,The Golden Fork,CUST-5772,Mohammad Chapman,"06 Gray Light, Chloemouth, TW92 5ZH",Indian,1,-32.51,3.51,-21.47,card,in_transit,2026-05-17T06:32:23,51,3.9,True
ORD-00127,RES-001,The Golden Fork,CUST-7116,Charles Williamson,"Flat 79Y, Victor Lane, Lisastad, L9 8AT",Mexican,1,12.55,3.14,15.69,card,in_transit,2025-12-13T07:52:57,24,3.5,False
ORD-00128,RES-001,The Golden Fork,CUST-1726,Stuart Williams-Harris,"Studio 72O, Smith Shoals, Lake Mary, BS79 9RX",Mexican,2,36.92,4.07,40.99,wallet,cancelled,2026-05-15T23:10:34,62,2.3,False
ORD-00129,RES-001,The Golden Fork,CUST-8498,Denis Fletcher,"Studio 89O, Raymond Trafficway, Lake Rosie, DA9 9RP",Italian,3,57.24,1.72,58.96,wallet,cancelled,2025-12-08T19:41:50,60,4.1,False
ORD-00130,RES-001,The Golden Fork,CUST-5150,Dr Alexander Boyle,"889 Katie Landing, Hallshire, MK2N 7EN",Italian,5,72.45,4.95,77.4,cash,in_transit,2026-05-22T03:30:18,40,3.2,False
ORD-00131,RES-001,The Golden Fork,CUST-8204,Mrs Amy Holden,"Flat 57Y, Maria Orchard, Aliceville, SR75 4BE",Indian,5,42.15,2.78,44.93,wallet,cancelled,2026-03-03T08:30:39,41,4.6,False
ORD-00132,RES-001,The Golden Fork,CUST-3956,Kerry Miah,"282 Moore Mountain, Port Carol, DE2X 6AZ",Japanese,5,94.6,4.04,98.64,wallet,in_transit,2026-01-25T11:54:57,71,1.3,False
ORD-00133,RES-001,The Golden Fork,CUST-8272,Kimberley Wright,"334 Melissa Cove, West Victor, W14 8PZ",Mexican,5,67.05,4.0,71.05,voucher,delivered,2026-05-07T08:05:38,38,1.7,False
ORD-00134,RES-001,The Golden Fork,CUST-3621,Dr Francesca Clark,"Studio 24, Ellie Dale, Terencebury, CH2 2WR",Italian,1,7.66,3.72,11.38,cash,preparing,2026-03-03T14:59:03,60,2.5,False
ORD-00135,RES-001,The Golden Fork,CUST-3513,Ms Carly Cooper,"Studio 82J, Wendy Heights, East Guy, PR05 7FH",Mediterranean,6,72.66,4.81,77.47,voucher,in_transit,2026-05-25T06:22:05,69,1.1,False
ORD-00136,RES-001,The Golden Fork,CUST-5089,Dr Leonard Lowe,"Studio 76T, Jones Corner, Port Geraldport, M3 2TY",Italian,3,44.13,2.89,47.02,card,cancelled,yesterday,56,3.6,True
ORD-00137,RES-001,The Golden Fork,CUST-9047,Louis Parry-Clark,"Studio 58, Chloe Plains, South Timothy, WA3M 7LQ",American,5,87.05,2.25,89.3,card,cancelled,2026-02-22T17:19:04,69,3.4,False
ORD-00138,RES-001,The Golden Fork,CUST-6236,Mr Gerald Taylor,"9 Taylor Ridge, Thompsonberg, L09 8LZ",Mediterranean,8,175.68,4.33,180.01,wallet,delivered,2026-05-14T20:14:23,65,4.9,False
ORD-00139,RES-001,The Golden Fork,CUST-6922,Graham Turnbull,"Studio 48, Barry Terrace, Bellview, CO2H 5JR",Japanese,3,52.59,4.74,57.33,cash,delivered,2026-01-12T17:07:23,39,3.6,False
ORD-00140,RES-001,The Golden Fork,CUST-3126,Steven Mellor,"Studio 7, Ashleigh Underpass, South Katherineview, WS5R 5YA",Japanese,1,12.09,3.5,15.59,card,delivered,2026-04-12T06:10:30,51,2.9,False
ORD-00141,RES-001,The Golden Fork,CUST-6194,Mr Bernard Thomson,"636 Olivia Grove, Glenmouth, G9W 5BB",Mediterranean,7,128.94,4.37,133.31,card,preparing,20240101,50,1.3,True
ORD-00142,RES-001,The Golden Fork,CUST-1907,Aimee Leonard,"2 Murphy Meadow, Lake Wayne, GU2M 5LD",Italian,3,55.2,1.95,57.15,cash,in_transit,2026-01-20T23:17:24,73,3.0,False
ORD-00143,RES-001,The Golden Fork,CUST-2292,Ms Margaret Frost,"11 Allan Neck, East Jennabury, W0A 1SF",Mexican,4,-15.43,4.78,-18.76,cash,in_transit,2026-04-21T05:05:21,65,4.6,True
ORD-00144,RES-001,The Golden Fork,CUST-6531,Alan Wilson,"5 Wallace Dam, Griffinberg, SK2B 9GT",Japanese,3,27.45,3.68,31.13,card,delivered,2026-05-09T17:45:10,57,4.6,False
ORD-00145,RES-001,The Golden Fork,CUST-1496,Ms Aimee Morris,"Flat 11, Harry Radial, Parsonschester, TQ2 4DJ",Indian,5,82.95,4.18,87.13,wallet,in_transit,2026-05-13T08:44:31,56,2.7,False
ORD-00146,RES-001,The Golden Fork,CUST-8202,Clifford Foster,"438 Deborah Hill, Port Shanefort, CH37 8AQ",Indian,7,77.77,1.75,79.52,voucher,preparing,2026-01-30T02:34:29,63,1.2,False
ORD-00147,RES-001,The Golden Fork,CUST-3142,Ms Georgina Taylor,"Studio 27, Andrew Radial, North Marcusborough, B6 8SS",Mexican,6,107.28,4.5,111.78,card,in_transit,2026-04-10T23:48:11,40,4.9,False
ORD-00148,RES-001,The Golden Fork,CUST-7850,Marc Reeves-Wilkinson,"Flat 4, Denise Ford, New Toby, PE14 3BJ",American,4,34.72,1.68,36.4,cash,in_transit,2026-04-01T20:19:03,48,4.8,False
ORD-00149,RES-001,The Golden Fork,CUST-6055,Marion Clark,"Studio 21a, Rita Branch, South Denis, M2F 4EA",Indian,3,42.66,3.3,45.96,card,delivered,yesterday,68,3.0,True
ORD-00150,RES-001,The Golden Fork,CUST-8710,Dr Abigail Barry,"78 Hartley Walks, West Charles, TD1 3WA",Mexican,1,7.28,3.23,10.51,card,delivered,2026-02-05T03:12:43,42,4.5,False
ORD-00151,RES-001,The Golden Fork,CUST-4189,Linda Smith,"Studio 2, Alan Plaza, Wilsonbury, SR54 9QE",Mexican,6,110.04,2.78,112.82,wallet,delivered,yesterday,66,2.6,True
ORD-00152,RES-001,The Golden Fork,CUST-6555,Tom Poole,"061 Taylor Trail, Tobyland, W0F 4YN",Japanese,2,16.98,1.84,18.82,wallet,cancelled,2026-02-06T17:08:28,59,2.5,False
ORD-00153,RES-001,The Golden Fork,CUST-8761,Graeme Smith-Chan,"832 Michelle Burg, New Denis, WC0N 6NE",Japanese,1,7.2,1.98,9.18,voucher,cancelled,2026-04-12T14:53:55,52,2.3,False
ORD-00154,RES-001,The Golden Fork,CUST-5902,Jasmine Robinson,"Flat 2, Green Fort, Harrisonstad, SW19 8FR",Japanese,6,54.12,4.96,59.08,wallet,preparing,2025-12-28T18:18:00,59,4.0,False
ORD-00155,RES-001,The Golden Fork,CUST-6040,Naomi Swift,"4 Barton Unions, Harrisonmouth, LD4 1HF",Mediterranean,6,69.78,1.88,71.66,card,preparing,2026-01-09T00:55:28,21,2.7,False
ORD-00156,RES-001,The Golden Fork,CUST-7229,Mr Martin Whitehouse,"Flat 61I, Arnold Fords, Herbertview, E2 9BH",American,4,70.72,3.54,74.26,cash,delivered,2026-03-26T13:35:31,57,1.7,False
ORD-00157,RES-001,The Golden Fork,CUST-7723,Dr Liam Green,"Studio 8, Sian Hills, Clivetown, WF78 1TE",Japanese,8,90.88,2.03,92.91,voucher,delivered,2026-01-06T12:19:08,21,3.8,False
ORD-00158,RES-001,The Golden Fork,CUST-3837,Mr Benjamin Brown,"6 Holmes Rue, New Kateview, B1 7FD",Indian,6,131.82,3.17,134.99,wallet,in_transit,2025-12-04T05:53:07,55,2.5,False
ORD-00159,RES-001,The Golden Fork,CUST-5890,Dr Benjamin Thomas,"9 Fuller Locks, Daychester, N32 4TF",American,5,79.8,2.17,81.97,wallet,in_transit,2025-12-10T10:42:39,71,2.0,False
ORD-00160,RES-001,The Golden Fork,CUST-5480,Cheryl Bibi,"Studio 6, Long Harbors, Khanborough, WV8H 6QU",Mexican,6,83.64,3.46,87.1,card,preparing,2025-12-04T03:41:35,51,4.7,False
ORD-00161,RES-001,The Golden Fork,CUST-8247,Norman Ward,"Flat 20u, Robert Valleys, Kevinfort, N9D 1JJ",Mediterranean,5,35.75,4.83,40.58,wallet,preparing,2026-02-20T22:36:29,29,1.3,False
ORD-00162,RES-001,The Golden Fork,CUST-4972,Brenda Warren-Bell,"652 Frank Ramp, Ameliastad, B5K 9HU",Italian,5,43.15,3.65,46.8,cash,cancelled,2026-04-09T03:33:46,37,3.3,False
ORD-00163,RES-001,The Golden Fork,CUST-3587,Dean Jarvis,"3 Michael Pine, Savageborough, N25 0FY",Indian,8,64.48,4.19,68.67,voucher,preparing,2026-05-20T06:59:59,65,1.0,False
ORD-00164,RES-001,The Golden Fork,CUST-4804,Steven Russell-Baker,"69 Tom Hollow, Barryburgh, KY7X 2XZ",Japanese,5,82.55,4.67,87.22,card,cancelled,2025-12-18T03:38:02,40,1.4,False
ORD-00165,RES-001,The Golden Fork,CUST-5742,Dr Nathan King,"Flat 42l, Rita Ports, Bartonshire, G9 9JY",Italian,7,130.97,2.15,133.12,card,in_transit,2026-02-16T04:26:22,22,4.0,False
ORD-00166,RES-001,The Golden Fork,CUST-3198,Rachael Davidson,"52 Lindsey Skyway, Katietown, DL3 5LE",Japanese,5,67.7,3.74,71.44,voucher,in_transit,2026-01-07T15:19:21,41,3.1,False
ORD-00167,RES-001,The Golden Fork,CUST-6523,David Parker-Williams,"76 Kaur Courts, Pearsonshire, TA3E 1BN",Mexican,8,132.4,4.01,136.41,cash,cancelled,2026-04-14T07:05:10,66,1.1,False
ORD-00168,RES-001,The Golden Fork,CUST-4027,Katherine Smith,"26 Keith Plaza, West Marilynfort, BB6X 9SG",American,7,101.43,1.8,103.23,voucher,in_transit,2025-12-27T13:28:55,72,3.7,False
ORD-00169,RES-001,The Golden Fork,CUST-1187,Carol Fry,"Studio 88q, Jordan Court, South Alexandraside, CV05 6DN",Mexican,8,145.44,4.83,150.27,wallet,cancelled,2026-03-31T10:09:56,35,2.2,False
ORD-00170,RES-001,The Golden Fork,CUST-6095,Dr Oliver Glover,"417 Mohammad Tunnel, Jonesview, S2 6QG",Mediterranean,3,38.34,3.25,41.59,card,in_transit,2026-05-17T13:18:51,39,4.6,False
ORD-00171,RES-001,The Golden Fork,CUST-7813,Daniel Smith,"Flat 49, Derek Terrace, North Aimeestad, S9D 6WS",Mediterranean,8,70.96,4.11,75.07,voucher,cancelled,2026-02-27T15:12:06,28,3.4,False
ORD-00172,RES-001,The Golden Fork,CUST-2838,Glenn Taylor,"41 Poole Station, New Alexandrahaven, G1U 2GH",Italian,2,29.3,3.34,32.64,cash,cancelled,2026-03-30T12:37:42,75,2.4,False
ORD-00173,RES-001,The Golden Fork,CUST-9361,Mr Philip Thomas,"Flat 29, Newton Stream, North Charlotteside, NR54 0ZY",Indian,2,-21.73,4.0,-24.34,card,preparing,2026-04-20T23:31:47,48,3.0,True
ORD-00174,RES-001,The Golden Fork,CUST-4570,Rhys Clark,"991 Lynne Tunnel, Port Mitchellside, WS6 6UY",Japanese,5,88.55,2.88,91.43,card,delivered,2026-05-18T16:56:37,71,4.3,False
ORD-00175,RES-001,The Golden Fork,CUST-1519,Frank Thomas,,Mexican,1,20.99,1.74,22.73,voucher,cancelled,2026-02-13T22:42:16,54,4.7,True
ORD-00176,RES-001,The Golden Fork,CUST-7184,Grace Taylor-Richardson,"75 Briggs Rapids, East Angelaborough, ST78 0WG",Indian,6,131.34,2.83,134.17,card,cancelled,2026-04-28T13:39:39,46,4.5,False
ORD-00177,RES-001,The Golden Fork,CUST-1056,Denise Ellis,"902 Marc Villages, East Ryanmouth, N3 5TW",Italian,0,0.0,4.04,4.04,wallet,preparing,2025-12-16T23:19:09,54,1.9,True
ORD-00178,RES-001,The Golden Fork,CUST-2848,Mrs Bethan Holland,"Studio 72, Fox Keys, Benview, WA1M 6BG",Italian,4,41.36,2.71,44.07,voucher,delivered,2026-01-13T20:51:56,72,2.1,False
ORD-00179,RES-001,The Golden Fork,CUST-5009,Mr Jamie Miah,"Studio 68b, Elaine Curve, New John, M94 6RQ",Mediterranean,1,13.42,3.85,17.27,card,preparing,2026-04-02T04:22:14,58,4.5,False
ORD-00180,RES-001,The Golden Fork,CUST-6224,Malcolm Lloyd,"Studio 10, Moore Ranch, Joelville, BR54 4LN",Japanese,1,8.67,4.97,13.64,wallet,cancelled,2026-02-10T02:52:07,68,1.9,False
ORD-00181,RES-001,The Golden Fork,CUST-3869,Sharon Weston,"652 Abbie Parks, Garrychester, IP09 5JX",Mediterranean,7,78.12,1.71,79.83,voucher,preparing,2026-03-17T05:43:47,34,4.8,False
ORD-00182,RES-001,The Golden Fork,CUST-4012,Frank Walker,"Flat 82, Gibson Crossroad, Yvonneburgh, ZE5X 3QJ",Japanese,6,103.74,2.92,106.66,voucher,cancelled,2026-05-20T22:44:38,44,2.2,False
ORD-00183,RES-001,The Golden Fork,CUST-9683,Carl Burton-Shah,"Studio 47, Pauline Center, South Gordonhaven, S8 6BF",American,8,165.44,3.46,168.9,voucher,cancelled,2026-04-06T00:31:35,29,4.9,False
ORD-00184,RES-001,The Golden Fork,CUST-4120,Caroline Ward,"21 Ross Fall, Ashleighton, W4 2YG",Italian,0,0.0,1.82,1.82,wallet,preparing,2026-03-29T04:04:39,25,3.9,True
ORD-00185,RES-001,The Golden Fork,CUST-4555,Samuel Clarke,"Studio 6, Cooper Camp, Lake Karen, N8 0AJ",Indian,4,75.88,3.55,79.43,cash,in_transit,2025-12-29T15:23:25,24,3.7,False
ORD-00186,RES-001,The Golden Fork,CUST-4350,Rita Hawkins,,Indian,2,36.16,4.13,40.29,cash,in_transit,2026-03-17T10:12:21,32,4.7,True
ORD-00187,RES-001,The Golden Fork,CUST-8635,Antony Banks,"Flat 3, Wayne Forest, New Leanneburgh, N0 4XZ",Italian,6,-23.45,2.76,-31.47,voucher,in_transit,2026-03-21T21:56:46,61,4.5,True
ORD-00188,RES-001,The Golden Fork,CUST-5836,Hilary Turner,"1 Williams Crossing, Elaineberg, B46 8LZ",American,5,75.4,3.54,78.94,cash,in_transit,2026-01-09T02:39:11,21,3.9,False
ORD-00189,RES-001,The Golden Fork,CUST-9005,Bruce Khan,"11 Ryan Flats, Zoeborough, SO6 2BX",Mediterranean,8,120.24,4.79,125.03,voucher,preparing,2026-04-04T21:49:27,35,2.4,False
ORD-00190,RES-001,The Golden Fork,CUST-9882,Stuart Holmes,"Flat 00, Jamie Village, Burrowsland, E1E 7NL",Mediterranean,3,52.98,3.2,56.18,card,delivered,2026-04-19T10:35:58,30,4.7,False
ORD-00191,RES-001,The Golden Fork,CUST-3474,Peter Spencer,"55 Hicks Court, North Ashleyburgh, HU7 1QP",Italian,7,60.41,3.7,64.11,cash,preparing,2026-05-13T13:22:32,20,1.3,False
ORD-00192,RES-001,The Golden Fork,CUST-7739,Amy Matthews,"Studio 7, Brooks Union, North Wayne, SR0E 6YU",Italian,8,133.76,1.55,135.31,card,in_transit,2026-02-27T08:46:40,62,3.1,False
ORD-00193,RES-001,The Golden Fork,CUST-2578,Dr George Talbot,"277 Victoria Mill, North Elliotmouth, L5 6JU",Japanese,7,133.0,4.68,137.68,cash,cancelled,2026-01-16T01:24:48,72,1.4,False
ORD-00194,RES-001,The Golden Fork,CUST-7652,Dr Sharon Bryant,"287 Taylor Club, Pottermouth, BL8 8RR",Indian,6,63.84,2.89,66.73,cash,DONE,2026-04-13T14:53:04,72,2.5,True
ORD-00195,RES-001,The Golden Fork,CUST-1154,Mr Simon Nicholls,"75 Jean Summit, North Sophiechester, B1 8XH",Mediterranean,7,86.66,3.43,90.09,cash,delivered,,25,1.2,True
ORD-00196,RES-001,The Golden Fork,CUST-8790,Albert Murphy,"Flat 3, Ross Trafficway, Edwardsstad, LD1B 0PQ",Mexican,1,10.06,4.65,14.71,card,delivered,2025-12-18T23:49:26,26,3.8,False
ORD-00197,RES-001,The Golden Fork,CUST-4394,Dr Henry Bishop,"7 Michelle Coves, Kathrynborough, E63 3PE",Japanese,1,9.28,4.47,13.75,cash,preparing,2025-12-09T01:28:46,56,1.1,False
ORD-00198,RES-001,The Golden Fork,CUST-3292,Dr Daniel Bennett,"Studio 9, Dawn Avenue, New Annshire, ML29 2ER",Mediterranean,7,118.93,3.39,122.32,card,in_transit,2026-05-14T01:15:44,35,2.5,False
ORD-00199,RES-001,The Golden Fork,CUST-7499,Clifford Butler,"Studio 9, Henry Locks, Billymouth, G69 8PX",Mexican,2,23.56,4.18,27.74,card,in_transit,2026-05-20T06:59:06,73,4.8,False
ORD-00200,RES-001,The Golden Fork,CUST-2404,Raymond Thorpe,"Studio 22G, Ellis Trace, Chelseafort, S8E 0WE",Japanese,7,92.33,3.87,96.2,wallet,cancelled,2026-02-06T19:11:58,55,3.6,False
ORD-00201,RES-001,The Golden Fork,CUST-1085,Janice Lane,"24 Lane Circle, Dennisside, N7 9XJ",Mexican,3,53.88,2.61,56.49,voucher,in_transit,2026-05-15T08:09:11,44,1.4,False
ORD-00202,RES-001,The Golden Fork,CUST-1430,Brandon Moore-Smith,"66 Morgan Center, Lake Tonyborough, W3S 9XZ",Italian,7,94.22,3.44,97.66,wallet,delivered,2026-03-25T07:18:15,31,2.6,False
ORD-00203,RES-001,The Golden Fork,CUST-4977,Alison Harris,"2 Gemma Canyon, Whiteview, G94 5TF",Japanese,7,46.83,2.94,49.77,cash,preparing,2025-12-31T14:36:00,75,4.1,False
ORD-00204,RES-001,The Golden Fork,CUST-5911,Ann Murray,"Studio 9, Ford Station, Kerrybury, E82 8XR",Indian,8,70.08,2.08,72.16,card,in_transit,2026-04-20T06:09:01,37,2.1,False
ORD-00205,RES-001,The Golden Fork,CUST-7483,Melanie Quinn,"Flat 54n, Turner View, North Aimeestad, EC99 0PR",Mexican,4,54.4,1.97,56.37,voucher,in_transit,2026-03-30T02:39:40,51,1.0,False
ORD-00206,RES-001,The Golden Fork,CUST-8848,Mr Alex Smith,"588 Jones Hill, West Katherine, E2 1HH",Mexican,3,33.48,3.61,37.09,cash,preparing,2026-02-09T23:58:28,72,3.8,False
ORD-00207,RES-001,The Golden Fork,CUST-5592,Dr Lee Martin,"207 Thomas Cliffs, East Tonyside, L4 6TR",Indian,8,172.0,4.23,176.23,wallet,delivered,2026-03-13T00:38:36,60,2.3,False
ORD-00208,RES-001,The Golden Fork,CUST-8183,Miss Julie McCarthy,"919 Beth Vista, West Stephanieville, TN4 4TR",Mexican,1,21.27,3.11,24.38,card,preparing,2026-01-09T03:48:46,31,3.8,False
ORD-00209,RES-001,The Golden Fork,CUST-7176,Mrs Jenna Pope,"684 Joel Springs, Markside, G1A 9ZR",Italian,4,41.68,2.04,43.72,voucher,preparing,2025-12-11T19:17:40,39,2.7,False
ORD-00210,RES-001,The Golden Fork,CUST-9796,Henry May,"536 Shaun Ferry, New Howard, E29 8TX",Japanese,7,104.51,4.26,108.77,card,delivered,2026-01-03T21:51:48,75,2.4,False
ORD-00211,RES-001,The Golden Fork,CUST-6432,Donna Davies,"9 Watson Knolls, Lake Abbie, E49 3PU",Indian,1,15.23,3.75,18.98,card,delivered,2026-03-30T12:43:58,30,3.6,False
ORD-00212,RES-001,The Golden Fork,CUST-9199,Roger Richards,"955 Thompson Island, Port Ross, ST6M 2PU",American,4,53.64,2.87,56.51,wallet,delivered,2026-05-08T02:11:48,67,4.1,False
ORD-00213,RES-001,The Golden Fork,CUST-6620,Francis Evans,"Studio 12, Leonard Walks, New Dominic, SS1 0WA",Indian,2,38.78,4.05,42.83,cash,preparing,2026-01-30T07:07:54,25,2.4,False
ORD-00214,RES-001,The Golden Fork,CUST-2885,Dr Bryan Kelly,"Studio 87, Claire Lock, Port Joan, WF4E 8WD",Italian,8,91.52,2.55,94.07,wallet,delivered,2026-03-04T19:19:52,66,4.2,False
ORD-00215,RES-001,The Golden Fork,CUST-8570,Miss Lynda Boyle,"272 Anna Port, Lake Pamela, BH3 3DL",American,3,-22.72,2.66,-17.98,voucher,cancelled,2025-12-11T04:26:33,35,2.7,True
ORD-00216,RES-001,The Golden Fork,CUST-4371,Ms Nicola King,"Studio 7, Simon Run, Timothyhaven, WA4Y 9XY",Mexican,8,125.44,2.86,128.3,card,delivered,2026-05-25T10:46:24,32,3.8,False
ORD-00217,RES-001,The Golden Fork,CUST-6134,Paige Lambert,"463 Ingram Ways, Hollyfort, B8C 2JD",Japanese,8,66.16,3.84,70.0,voucher,preparing,2026-01-16T05:03:00,32,6.8,True
ORD-00218,RES-001,The Golden Fork,CUST-6131,Danny White,"5 Irene Forks, Barkerville, SK77 9GS",Italian,5,103.7,3.56,107.26,cash,in_transit,2025-12-26T04:33:37,65,3.7,False
ORD-00219,RES-001,The Golden Fork,CUST-4043,Lesley Thomas,"809 William Expressway, Jeremyhaven, PH90 1HT",Indian,7,90.86,1.98,92.84,cash,cancelled,2026-05-04T05:02:36,29,2.5,False
ORD-00220,RES-001,The Golden Fork,CUST-8939,Damian Taylor,"92 Sara Shoals, Mohammedmouth, PH91 6RF",American,8,128.8,4.52,133.32,cash,preparing,2026-01-28T01:18:09,40,4.8,False
ORD-00221,RES-001,The Golden Fork,CUST-2354,Julie Howell,"127 Stacey Parkway, North Hayleyberg, B6J 5BW",Japanese,8,103.52,4.43,107.95,card,cancelled,2026-01-09T17:44:49,46,3.0,False
ORD-00222,RES-001,The Golden Fork,CUST-9115,Ms Jodie Pearson,"Studio 91, Browne Neck, Port Jake, PH8 4HA",Japanese,5,45.55,3.1,48.65,card,delivered,2026-03-20T09:09:06,54,4.0,False
ORD-00223,RES-001,The Golden Fork,CUST-7965,Paul Whitehead-Hardy,"Studio 35A, Dean Meadow, Elliotside, OL59 6HS",Italian,1,18.28,3.04,21.32,cash,in_transit,2026-03-25T16:33:57,54,1.9,False
ORD-00224,RES-001,The Golden Fork,CUST-4882,Ricky Jones,"Flat 49w, Newman Walk, Lake Bernardmouth, CW1H 5XZ",American,2,26.62,4.97,31.59,wallet,preparing,2026-05-24T20:09:58,75,4.1,False
ORD-00225,RES-001,The Golden Fork,CUST-9827,Glenn Goddard-Walsh,"7 Nicholson Greens, West Jason, B6G 9BG",American,4,75.92,3.49,79.41,wallet,in_transit,2026-04-20T15:17:30,33,3.1,False
ORD-00226,RES-001,The Golden Fork,CUST-1971,Louis Williams,"Flat 09, Jayne Extension, West Shanetown, E46 6RY",Mexican,2,17.2,4.12,21.32,cash,cancelled,2026-03-19T16:08:26,52,2.6,False
ORD-00227,RES-001,The Golden Fork,CUST-5402,Jayne Brown,"489 Ward Via, Ericborough, JE90 2SW",Mediterranean,4,73.2,3.86,77.06,voucher,preparing,2026-03-31T05:41:00,73,3.0,False
ORD-00228,RES-001,The Golden Fork,CUST-7046,Heather Ford,"Flat 8, Hawkins Via, Annettemouth, OL73 7TY",Indian,2,25.48,4.12,29.6,voucher,in_transit,2026-02-07T07:45:30,69,3.8,False
ORD-00229,RES-001,The Golden Fork,CUST-6869,Mr Cameron Clark,"Studio 33Z, Ali Knoll, Lake Marcusbury, CA6 1XG",Italian,2,35.66,3.1,38.76,voucher,cancelled,2026-01-05T09:30:31,74,3.7,False
ORD-00230,RES-001,The Golden Fork,,,"373 Cameron Well, Russellbury, L95 1ED",Mexican,5,58.7,3.52,62.22,card,delivered,2026-02-13T03:55:03,40,3.3,True
ORD-00231,RES-001,The Golden Fork,CUST-4314,Mohamed Hughes,"59 Hughes Ports, Abigailburgh, M6D 0WS",Mediterranean,3,40.02,1.5,41.52,cash,in_transit,2025-12-23T20:25:13,74,4.8,False
ORD-00232,RES-001,The Golden Fork,CUST-1848,Mathew Higgins,"Studio 27h, Saunders Branch, Lake Rhysfurt, E5F 2XL",Indian,5,38.9,3.82,42.72,wallet,cancelled,2026-04-23T02:20:39,43,3.6,False
ORD-00233,RES-001,The Golden Fork,,,"Flat 76, Samantha Squares, Juliefurt, LD2 9JE",Mediterranean,1,9.81,1.77,11.58,voucher,delivered,2026-02-12T14:20:35,26,3.4,True
ORD-00234,RES-001,The Golden Fork,CUST-2463,Barry Roberts-Duffy,"2 Nelson Fall, Knighthaven, N7E 8YB",Mediterranean,7,120.82,3.17,123.99,card,delivered,2025-12-05T23:34:13,75,1.9,False
ORD-00235,RES-001,The Golden Fork,CUST-3340,Mrs Beth Humphries,"Studio 1, Morris Green, Rebeccaside, M5A 1QZ",Italian,7,129.43,4.13,133.56,card,cancelled,2026-03-13T22:30:01,28,1.5,False
ORD-00236,RES-001,The Golden Fork,CUST-4559,Carly Allen,,Italian,3,62.28,3.65,65.93,card,cancelled,2026-02-09T22:40:07,60,2.8,True
ORD-00237,RES-001,The Golden Fork,CUST-2380,Ms Sally Saunders,"Studio 64, Porter Lake, Carrollburgh, G3 1HG",American,7,79.59,1.99,81.58,wallet,delivered,2026-05-01T15:39:56,42,2.1,False
ORD-00238,RES-001,The Golden Fork,CUST-4921,Mrs Sophie Collins,"6 Stuart Greens, North Abbie, HA33 7FF",Indian,4,72.36,2.53,74.89,voucher,delivered,2025-12-16T01:12:47,58,1.2,False
ORD-00239,RES-001,The Golden Fork,CUST-7895,Graham Day,"Studio 7, Parry Dale, New Jodie, RG96 5UX",Mexican,1,21.8,4.76,26.56,cash,preparing,2026-04-01T18:45:42,24,1.5,False
ORD-00240,RES-001,The Golden Fork,CUST-7520,Tracey Williams,"Flat 24a, Zoe Via, West Mitchell, NN07 4AS",Japanese,5,49.2,4.72,53.92,wallet,preparing,2026-05-15T09:49:16,20,4.8,False
ORD-00241,RES-001,The Golden Fork,CUST-4329,Dr Joel Wilson,"Flat 68, Byrne Estates, Finchbury, BT6 8ZL",American,3,32.4,2.58,34.98,wallet,preparing,2026-02-13T12:01:15,60,3.0,False
ORD-00242,RES-001,The Golden Fork,CUST-4909,Gail Reid-Law,"2 Gregory Creek, Richardsview, PR7H 0FB",Italian,2,22.62,3.03,25.65,cash,delivered,2026-01-02T13:37:27,61,4.8,False
ORD-00243,RES-001,The Golden Fork,CUST-2956,Mark Skinner,"Flat 27U, Donald Course, North Valerie, N64 5TB",Italian,1,11.29,4.09,15.38,cash,delivered,2026-02-11T06:56:41,58,4.0,False
ORD-00244,RES-001,The Golden Fork,CUST-5403,Mrs Anne George,"723 Warren Village, North Frederickfurt, EH03 1WH",Mediterranean,5,45.45,1.94,47.39,card,delivered,2026-04-21T19:03:47,53,4.1,False
ORD-00245,RES-001,The Golden Fork,CUST-8457,Gordon Davies,"Flat 08, Howard Orchard, Joestad, L1 6PA",Japanese,5,87.7,3.51,91.21,wallet,delivered,2026-03-08T21:08:47,24,1.3,False
ORD-00246,RES-001,The Golden Fork,CUST-2889,Valerie Jackson,"0 Holmes Drives, Craigbury, W19 0BQ",American,5,92.45,4.62,97.07,card,delivered,2026-01-25T16:15:57,30,3.7,False
ORD-00247,RES-001,The Golden Fork,CUST-1579,Martin Harrison,"35 Nelson Mill, North Charlene, HU24 7TX",Japanese,7,145.32,2.12,147.44,voucher,cancelled,2026-05-30T03:23:50,43,4.8,False
ORD-00248,RES-001,The Golden Fork,CUST-9225,Kayleigh Harrison-Barrett,"Flat 74M, Brian Pines, South Bryan, NP5 0WR",Mediterranean,6,64.2,1.77,65.97,card,cancelled,2026-03-12T02:59:22,66,2.5,False
ORD-00249,RES-001,The Golden Fork,CUST-2415,Colin Young-Bibi,"18 Barrett Springs, Millerberg, M5G 1EW",Japanese,8,159.36,4.2,163.56,voucher,delivered,2026-04-05T18:23:55,24,2.2,False
ORD-00250,RES-001,The Golden Fork,CUST-9083,Joshua Thomas,"3 Danielle Fields, North Alexandrafurt, LU8W 0QJ",American,5,89.8,2.35,92.15,cash,cancelled,2026-02-28T04:07:44,70,2.5,False
ORD-00251,RES-001,The Golden Fork,CUST-6488,Alan Brown,"Flat 7, Rebecca Point, Fullerton, M8A 4DH",Italian,6,98.16,3.92,102.08,voucher,in_transit,2026-05-31T21:25:06,54,1.0,False
ORD-00252,RES-001,The Golden Fork,CUST-5584,Anthony Spencer,"Flat 38, Shirley Road, New Nicole, SW19 7SE",Italian,8,171.2,4.89,176.09,card,cancelled,2026-05-07T03:53:05,46,1.6,False
ORD-00253,RES-001,The Golden Fork,CUST-3187,Katie Walton,"975 Walton Islands, Amychester, HG9H 6XL",Mediterranean,8,172.88,1.8,174.68,voucher,delivered,2026-01-19T20:41:23,43,1.4,False
ORD-00254,RES-001,The Golden Fork,CUST-7438,Dr Rosemary Hunt,"90 Josh Avenue, Rossborough, BA4 1BT",Mediterranean,3,30.51,2.41,32.92,wallet,in_transit,2026-01-01T16:22:53,62,2.3,False
ORD-00255,RES-001,The Golden Fork,CUST-3693,Ms Diane Pritchard,"41 Pearce Forge, Lake Victorfort, W91 0YR",Indian,3,55.77,3.54,59.31,voucher,in_transit,2026-02-07T02:12:16,32,1.6,False
ORD-00256,RES-001,The Golden Fork,CUST-2481,Jacqueline Woodward,"Studio 6, Julian Summit, Lake Juliafurt, M8 5XY",American,4,54.0,3.12,57.12,wallet,delivered,2026-02-18T06:51:58,69,4.4,False
ORD-00257,RES-001,The Golden Fork,CUST-5896,Maureen Kerr,"6 Mitchell Ports, East Annport, CT25 7YB",Mexican,4,86.04,2.88,88.92,cash,delivered,2026-04-08T00:17:15,65,1.2,False
ORD-00258,RES-001,The Golden Fork,CUST-2989,Marc Smith,"Studio 22E, Holly Locks, New Amber, NG3H 4SP",Italian,4,31.88,1.86,33.74,card,cancelled,2026-02-18T19:50:33,55,4.2,False
ORD-00259,RES-001,The Golden Fork,CUST-1357,Gerard Archer,,Italian,2,31.06,2.4,33.46,cash,preparing,2026-04-30T03:33:55,43,4.3,True
ORD-00260,RES-001,The Golden Fork,CUST-8096,Christian Bryan,"039 Gerard Bridge, Annetteville, LD7 5HX",Mediterranean,6,50.4,4.79,55.19,voucher,preparing,2026-05-01T07:28:26,73,1.2,False
ORD-00261,RES-001,The Golden Fork,CUST-3435,Clare Kaur,"Studio 20, Jackson Shore, West Ronaldton, DH9 0TA",Italian,6,58.98,2.15,61.13,cash,in_transit,2026-05-25T21:42:53,31,2.1,False
ORD-00262,RES-001,The Golden Fork,CUST-9614,Georgina Benson,"4 Wilson Light, West Danielleside, G3 8AB",American,1,7.86,2.84,10.7,card,preparing,2026-01-25T20:29:45,50,2.7,False
ORD-00263,RES-001,The Golden Fork,CUST-3946,Jasmine Rogers,"Studio 20w, Evans Hollow, New Martyn, M6 8LJ",Italian,6,123.9,3.25,127.15,wallet,cancelled,2026-03-02T18:51:30,51,2.6,False
ORD-00264,RES-001,The Golden Fork,CUST-2640,Kerry Bartlett,"689 Helen Garden, South Graeme, N7J 3FY",American,6,110.34,4.99,115.33,cash,in_transit,2026-05-26T02:22:29,50,4.9,False
ORD-00265,RES-001,The Golden Fork,CUST-3885,Glenn Roberts,"Studio 82B, Abbie Port, West Joseph, E2F 0PS",American,7,84.0,4.43,88.43,wallet,in_transit,2026-01-16T11:22:32,34,4.4,False
ORD-00266,RES-001,The Golden Fork,CUST-9064,Miss Melissa Morris,"1 Jeffrey Burg, Lyndashire, L9D 0QD",Japanese,3,45.69,2.16,47.85,wallet,cancelled,2026-01-02T09:40:36,42,5.0,False
ORD-00267,RES-001,The Golden Fork,CUST-4300,Shane Macdonald-Baker,"Flat 67, Khan Fields, North Michelle, M6 3HD",American,4,27.24,3.17,30.41,wallet,cancelled,2026-01-28T09:21:17,34,2.3,False
ORD-00268,RES-001,The Golden Fork,CUST-2188,Beverley Taylor,"Studio 3, Gibbons Canyon, Atkinsonfurt, B8B 7BJ",Mexican,3,55.5,4.45,59.95,voucher,delivered,2026-03-12T09:25:11,57,4.4,False
ORD-00269,RES-001,The Golden Fork,CUST-3854,Max Byrne,"Studio 03, Williams Hollow, Bethanyburgh, GY90 7TD",Mediterranean,7,131.39,4.85,136.24,wallet,cancelled,2026-03-08T01:06:12,30,3.6,False
ORD-00270,RES-001,The Golden Fork,CUST-1029,Tony Clark-Marsh,"Studio 5, Jennings Motorway, South George, HG2 1ET",Mediterranean,5,89.4,2.53,91.93,voucher,delivered,2025-12-13T15:34:09,44,1.7,False
ORD-00271,RES-001,The Golden Fork,CUST-6425,Jeremy Cunningham,"86 Ronald Isle, East Jacob, B64 7NG",Mediterranean,4,65.64,1.86,67.5,card,cancelled,2026-04-16T15:05:22,71,3.0,False
ORD-00272,RES-001,The Golden Fork,CUST-2110,Emily Hunt,"Flat 7, Davis Plains, New Valeriebury, W76 1ZZ",Mexican,6,80.52,2.43,82.95,wallet,delivered,2026-03-06T00:15:40,25,2.0,False
ORD-00273,RES-001,The Golden Fork,CUST-7204,Lesley Young,"2 William Shoal, Alanberg, M5 0ES",Mexican,7,150.64,4.59,155.23,voucher,delivered,2026-06-02T09:01:52,66,3.0,False
ORD-00274,RES-001,The Golden Fork,CUST-5831,Amanda Davies,"Studio 95c, Clifford Islands, Jessicaland, WC81 7FE",Italian,4,36.08,1.76,37.84,wallet,in_transit,2026-01-30T15:44:32,63,4.4,False
ORD-00275,RES-001,The Golden Fork,CUST-2525,Ashley Mills-Ali,"019 Pamela Stream, Rachelmouth, NG9 2ZY",Mexican,3,53.55,3.41,56.96,voucher,delivered,20240101,44,4.6,True
ORD-00276,RES-001,The Golden Fork,CUST-9849,Elliot Elliott,"Flat 93, Robinson Alley, North Natalieville, WD3W 6BP",Mexican,1,8.07,2.22,10.29,wallet,in_transit,2026-04-20T14:29:53,30,1.8,False
ORD-00277,RES-001,The Golden Fork,CUST-5825,Ms Rebecca Hart,"Flat 4, O'Sullivan Islands, North Joycemouth, IV9 2HP",Mediterranean,8,71.04,2.76,73.8,voucher,cancelled,2026-04-03T07:22:55,56,2.7,False
ORD-00278,RES-001,The Golden Fork,CUST-7512,Dr Tom Jones,"272 Norman Plain, Bethanychester, BN8M 8XA",Indian,5,108.2,3.15,111.35,voucher,in_transit,2026-05-09T10:13:10,60,1.5,False
ORD-00279,RES-001,The Golden Fork,CUST-5313,Carly Vincent,"4 Declan Lane, New Lynda, DE91 5BL",Indian,6,121.38,2.79,124.17,voucher,in_transit,2026-05-09T13:51:56,31,2.8,False
ORD-00280,RES-001,The Golden Fork,CUST-4727,Mrs Rachael Shaw,,Japanese,2,15.66,2.7,18.36,card,preparing,2026-04-06T01:50:17,29,3.2,True
ORD-00281,RES-001,The Golden Fork,CUST-7468,Marcus Kemp-Mills,"0 Cooper Way, North Graemeton, WD9B 7BE",Mediterranean,8,123.04,2.32,125.36,card,cancelled,2026-01-19T20:51:37,75,2.2,False
ORD-00282,RES-001,The Golden Fork,CUST-8133,Hugh Morris,"Studio 35m, Mitchell Harbor, Chloeville, CV2 1AZ",American,4,33.84,2.98,36.82,cash,in_transit,2026-05-02T20:15:10,33,5.0,False
ORD-00283,RES-001,The Golden Fork,CUST-5525,Douglas Warner,,Japanese,2,25.04,2.89,27.93,voucher,delivered,2026-03-12T10:27:29,24,2.3,True
ORD-00284,RES-001,The Golden Fork,CUST-2641,Mrs Tracey Pickering,"Studio 54, Warren Station, Port Natalieshire, E71 4TU",Italian,7,57.68,2.02,59.7,card,in_transit,2025-12-04T14:48:47,70,3.3,False
ORD-00285,RES-001,The Golden Fork,CUST-3821,Jade Wilkins,"Studio 2, Pearson Islands, Jonesland, CH57 2NQ",Mexican,7,116.55,3.5,120.05,voucher,cancelled,2026-01-15T22:29:54,36,2.9,False
ORD-00286,RES-001,The Golden Fork,CUST-1807,Gerard Clarke,"Studio 15J, Josh Place, Matthewschester, L82 6DP",Mediterranean,1,12.63,4.57,17.2,voucher,in_transit,2025-12-25T14:42:36,45,3.8,False
ORD-00287,RES-001,The Golden Fork,CUST-2609,Rita Wright,"Studio 32, Marion Villages, Clarkmouth, NW1 2NR",American,5,56.6,4.44,61.04,cash,in_transit,2026-02-27T10:04:28,70,4.4,False
ORD-00288,RES-001,The Golden Fork,CUST-8937,Abbie Griffiths,"Studio 0, Charlie Viaduct, New Heather, G2 8NR",Japanese,2,18.82,2.24,21.06,wallet,delivered,2026-02-09T00:08:34,46,5.4,True
ORD-00289,RES-001,The Golden Fork,CUST-5087,Gerard Williams,"Flat 94B, Scott Prairie, New Denisefurt, M05 0XQ",Italian,3,28.47,4.41,32.88,voucher,delivered,2026-04-28T17:29:44,21,4.3,False
ORD-00290,RES-001,The Golden Fork,CUST-1500,Jean Taylor,"Studio 96O, Ellis Lodge, Williamsborough, DD7E 8RQ",American,8,114.64,3.72,118.36,wallet,preparing,2026-03-01T12:14:03,43,1.5,False
ORD-00291,RES-001,The Golden Fork,CUST-2480,Dr Martin Barber,"1 Gareth Stravenue, Mossberg, G6 9SZ",Mexican,6,71.04,4.42,75.46,card,preparing,2025-12-31T20:14:25,50,2.0,False
ORD-00292,RES-001,The Golden Fork,CUST-5408,Carole Bond,"Flat 32B, Melissa Parks, Lake Donna, KA8 0BY",Mediterranean,4,79.16,3.76,82.92,voucher,delivered,2026-05-21T04:31:44,69,3.7,False
ORD-00293,RES-001,The Golden Fork,CUST-6004,Jay Connolly,"8 Hall Common, East Meganland, RH8W 9BP",Mediterranean,3,47.46,1.53,48.99,wallet,preparing,2025-12-10T09:55:22,28,2.0,False
ORD-00294,RES-001,The Golden Fork,CUST-2676,Christopher Jones,"Studio 5, Barber Camp, Lynneview, W9 9BN",Italian,8,89.44,3.32,92.76,wallet,in_transit,2026-02-25T22:57:04,33,3.5,False
ORD-00295,RES-001,The Golden Fork,CUST-5278,Mr Gareth Jones,"42 White Glens, Lake Nathanburgh, G7F 4JU",Mediterranean,6,130.92,3.74,134.66,wallet,cancelled,2026-03-17T13:19:50,24,4.4,False
ORD-00296,RES-001,The Golden Fork,CUST-9148,Jasmine Taylor,"9 Olivia Terrace, Welchbury, LA2H 0LE",Mexican,7,117.18,3.88,121.06,wallet,preparing,,23,3.9,True
ORD-00297,RES-001,The Golden Fork,CUST-8794,Jennifer Hall,"Studio 8, Jessica Springs, Jonesberg, S0E 6PW",Mediterranean,4,47.28,3.99,51.27,wallet,in_transit,2026-05-23T15:40:44,72,3.7,False
ORD-00298,RES-001,The Golden Fork,CUST-3999,Michael Gibson,"Studio 45, Phillips Courts, Abbieshire, LL39 8PG",Mediterranean,5,40.05,1.95,42.0,wallet,delivered,2026-04-19T12:29:45,31,2.0,False
ORD-00299,RES-001,The Golden Fork,CUST-5817,Mrs Hazel Bailey,"18 Lydia Mission, Geraldport, DG0 9DB",Indian,5,65.1,4.6,69.7,card,preparing,2026-04-06T23:11:33,75,2.5,False
ORD-00300,RES-001,The Golden Fork,CUST-7253,Hugh Lawrence,"119 Nicola Shoals, North Bethan, M47 7LS",Japanese,2,27.64,2.18,29.82,wallet,preparing,2026-05-19T13:48:43,59,1.5,False
ORD-00301,RES-001,The Golden Fork,CUST-3346,Brett Moran-Turnbull,"06 Ross Circle, Arthurburgh, BR73 2UE",Mexican,7,152.6,4.62,157.22,cash,delivered,2026-05-20T06:18:08,41,4.9,False
ORD-00302,RES-001,The Golden Fork,CUST-3762,Kayleigh Hilton,,Japanese,1,6.57,2.45,9.02,cash,preparing,2026-01-28T23:46:09,40,4.0,True
ORD-00303,RES-001,The Golden Fork,,,"Studio 6, Sheila Fork, South Charlenefort, N5 6BD",Japanese,7,89.25,4.87,94.12,cash,in_transit,2026-05-11T05:46:53,60,2.5,True
ORD-00304,RES-001,The Golden Fork,CUST-6641,Miss Hannah Gray,"8 Jacqueline Shore, West Bethan, YO15 1TH",Mexican,1,16.21,2.37,18.58,cash,delivered,2026-03-11T18:14:19,63,3.8,False
ORD-00305,RES-001,The Golden Fork,CUST-9524,Karen O'Connor,"Studio 1, Knight Village, Morgantown, N0 0RE",Japanese,2,38.54,2.54,41.08,wallet,preparing,2026-02-23T17:49:01,30,2.2,False
ORD-00306,RES-001,The Golden Fork,CUST-7609,Jill King,"931 Patrick Overpass, South Marianton, G02 4ET",Italian,6,108.78,2.08,110.86,cash,cancelled,2025-12-09T06:04:23,51,4.6,False
ORD-00307,RES-001,The Golden Fork,CUST-7147,Graham Lee,"7 Philip Unions, South Tom, SK6N 9XF",Mediterranean,3,25.23,3.98,29.21,wallet,delivered,2026-04-30T03:40:19,57,4.2,False
ORD-00308,RES-001,The Golden Fork,CUST-3024,Ms Gemma Wright,"4 Elizabeth Extension, Andreaburgh, EH90 1ZR",Japanese,1,7.25,1.9,9.15,wallet,preparing,2026-01-01T08:44:14,61,2.8,False
ORD-00309,RES-001,The Golden Fork,CUST-5423,Mr John Shaw,,Japanese,1,11.17,3.81,14.98,cash,preparing,2025-12-05T06:12:36,63,3.6,True
ORD-00310,RES-001,The Golden Fork,CUST-4272,Angela Morrison,"791 Godfrey Avenue, East Terence, E9F 7HL",Mexican,0,0.0,1.87,1.87,cash,in_transit,2026-05-06T17:39:41,27,1.8,True
ORD-00311,RES-001,The Golden Fork,CUST-4842,Alison Clark,"Studio 2, Vanessa Cape, Lake Julieport, S45 0EB",Italian,8,164.88,3.9,168.78,card,delivered,2026-02-18T01:16:18,55,2.9,False
ORD-00312,RES-001,The Golden Fork,CUST-5192,Craig Steele,"Studio 11, Louise Ramp, Samanthaborough, SK5H 5JE",Mediterranean,2,37.16,1.76,38.92,cash,preparing,2026-05-04T15:43:49,29,3.9,False
ORD-00313,RES-001,The Golden Fork,CUST-6123,Chelsea Taylor,"7 Holloway Mews, East Kathryn, DD65 7HQ",Indian,3,60.15,4.47,64.62,card,delivered,2026-03-19T01:57:17,26,2.4,False
ORD-00314,RES-001,The Golden Fork,CUST-5395,Caroline Goodwin-Higgins,"Flat 17, Fletcher Trace, Geraldport, G9C 1SW",Mediterranean,3,34.77,4.62,39.39,card,in_transit,2026-05-22T09:32:12,62,4.8,False
ORD-00315,RES-001,The Golden Fork,CUST-7909,Raymond Wright,"Flat 6, Louis Islands, Jacksonshire, B60 7WB",Mediterranean,8,85.68,2.85,88.53,cash,delivered,2026-03-07T05:18:55,45,4.4,False
ORD-00316,RES-001,The Golden Fork,CUST-8178,Dr Marilyn Barker,"Studio 3, Nicole Terrace, Lake Janeborough, N43 0UN",American,3,24.33,4.68,29.01,voucher,in_transit,2026-04-29T11:40:17,74,2.9,False
ORD-00317,RES-001,The Golden Fork,CUST-8220,Lindsey Nicholls,"Studio 2, Gallagher Well, Kayleighmouth, RH0X 6PW",Italian,0,0.0,3.2,3.2,card,in_transit,2025-12-28T09:30:37,73,4.6,True
ORD-00318,RES-001,The Golden Fork,CUST-9570,Stephanie Pickering,"195 Katherine Spring, Leeville, HX79 5QG",Mediterranean,4,86.64,3.84,90.48,card,preparing,2026-03-14T09:40:25,63,2.4,False
ORD-00319,RES-001,The Golden Fork,CUST-1894,Leonard Cole,"38 Francesca Neck, Port Eric, HU4 4BD",Italian,7,61.6,4.38,65.98,cash,preparing,2025-12-14T11:10:50,42,4.6,False
ORD-00320,RES-001,The Golden Fork,CUST-4648,Miss Kimberley Jones,"Studio 88s, Houghton Union, East Clareland, S2 1EG",Japanese,6,61.38,4.89,66.27,voucher,preparing,2026-01-27T05:21:32,51,1.2,False
ORD-00321,RES-001,The Golden Fork,CUST-9148,Victoria Harrison-Hughes,"68 Elaine Key, Williamstown, DG1 3WP",Mediterranean,8,62.88,3.24,66.12,card,delivered,2026-04-03T07:56:52,71,2.3,False
ORD-00322,RES-001,The Golden Fork,CUST-5990,Miss Jill Willis,"Studio 88, Murphy Port, Port Stewart, M37 4BF",Japanese,1,19.3,4.26,23.56,cash,null,2026-02-18T21:23:45,55,4.9,True
ORD-00323,RES-001,The Golden Fork,CUST-2596,Miss Carole Andrews,"Flat 22, Frank Crescent, West Beverleyberg, EX52 8BP",Mediterranean,8,140.88,2.77,143.65,cash,delivered,2026-05-20T02:31:51,41,2.8,False
ORD-00324,RES-001,The Golden Fork,CUST-3689,Ms Joanna Parkin,"Flat 0, Begum Trafficway, South Stanley, B88 4UN",Indian,5,74.95,2.8,77.75,cash,preparing,2026-03-06T22:32:40,71,1.4,False
ORD-00325,RES-001,The Golden Fork,CUST-4122,Mr Lawrence Briggs,"Studio 17c, Josephine Plaza, West Peterfurt, L7F 5BZ",Mediterranean,2,41.84,2.87,44.71,wallet,delivered,2026-05-06T01:47:08,32,2.8,False
ORD-00326,RES-001,The Golden Fork,CUST-9260,Lewis Jackson,"Flat 01, Davies Corners, Chamberlainmouth, B5G 6QR",American,2,36.94,3.07,40.01,voucher,delivered,2026-02-16T08:26:40,73,7.8,True
ORD-00327,RES-001,The Golden Fork,CUST-2696,Mrs Jean Ward,"Studio 13, Cox Mall, Barberchester, YO6E 2HN",Indian,3,51.66,2.11,53.77,wallet,preparing,2026-01-03T18:26:48,69,4.3,False
ORD-00328,RES-001,The Golden Fork,CUST-8419,Marcus Scott,"Flat 0, Dawson Groves, Jarvismouth, OL2H 6NX",American,4,42.96,4.86,47.82,cash,preparing,2026-02-14T14:27:36,68,8.8,True
ORD-00329,RES-001,The Golden Fork,CUST-6657,Michael West,"Studio 8, Wilson Turnpike, East Marcusport, WA7B 6GU",Mediterranean,4,38.44,3.68,42.12,cash,cancelled,2025-12-04T16:31:00,65,2.2,False
ORD-00330,RES-001,The Golden Fork,CUST-7839,Brandon Smith-Baldwin,"Flat 9, Jackson Port, Taylorfort, TW1N 4GY",Mediterranean,2,36.58,3.46,40.04,wallet,preparing,2026-01-24T16:41:40,40,3.3,False
ORD-00331,RES-001,The Golden Fork,CUST-3636,Anne Newton,"Flat 04, Burton Knolls, West Iainhaven, BS8H 1ZG",Mexican,3,21.96,1.7,23.66,wallet,cancelled,2026-05-29T18:20:19,44,2.1,False
ORD-00332,RES-001,The Golden Fork,CUST-4675,Shaun Carr,"Studio 51I, West Bridge, New Lawrence, TF7 5GE",Mediterranean,1,12.06,3.08,15.14,voucher,cancelled,2026-05-17T11:36:02,33,3.5,False
ORD-00333,RES-001,The Golden Fork,CUST-6122,Ann Heath,"71 Wayne Brook, Godfreystad, W98 2NA",Japanese,0,0.0,2.85,2.85,card,delivered,2026-01-22T12:07:36,62,4.8,True
ORD-00334,RES-001,The Golden Fork,CUST-7025,Darren Morton-Baxter,"23 Jason Manors, North Jackfort, BH31 8YB",Japanese,8,154.88,4.68,159.56,cash,cancelled,2026-03-30T03:46:25,69,3.8,False
ORD-00335,RES-001,The Golden Fork,CUST-1665,Darren Walker,"01 Mandy Ford, East Vanessa, BB1 4YQ",Indian,3,64.26,4.07,68.33,wallet,in_transit,2026-03-18T20:14:37,24,1.5,False
ORD-00336,RES-001,The Golden Fork,CUST-3518,Ms Lynda Porter,"9 Debra Forge, West Ronald, B1D 5YG",Mexican,1,11.62,3.98,15.6,card,in_transit,2026-04-30T04:48:26,36,1.6,False
ORD-00337,RES-001,The Golden Fork,CUST-9276,Tom Hayward,"Studio 6, Katherine Forks, Clarkmouth, W1 7QN",American,6,87.84,4.84,92.68,voucher,preparing,2026-01-27T15:50:58,24,3.1,False
ORD-00338,RES-001,The Golden Fork,CUST-9691,Michael Reeves,"47 Holmes Ville, Wilsonchester, WF6 1UQ",Indian,6,69.78,2.52,72.3,card,delivered,2026-05-09T23:11:24,33,4.8,False
ORD-00339,RES-001,The Golden Fork,,,"78 Trevor Divide, Matthewsshire, G1 3PH",Indian,4,85.44,3.88,89.32,wallet,in_transit,2025-12-12T22:58:05,61,2.3,True
ORD-00340,RES-001,The Golden Fork,CUST-6248,Reece Lees,"Flat 99r, Evans Shores, Scotthaven, CT7 1LU",Japanese,8,112.4,2.53,114.93,card,delivered,2026-01-20T22:53:29,52,3.6,False
ORD-00341,RES-001,The Golden Fork,CUST-7950,Connor Johnson,"0 Dawn Springs, East Margaretmouth, M99 1WU",Italian,2,19.54,3.7,23.24,cash,preparing,2026-04-20T16:52:20,60,1.9,False
ORD-00342,RES-001,The Golden Fork,CUST-1889,Dr Oliver Harris,"Studio 48, Barker Plains, Port Ryanchester, S7 6TT",American,1,13.62,2.66,16.28,wallet,delivered,2025-12-19T07:38:37,29,1.4,False
ORD-00343,RES-001,The Golden Fork,CUST-7381,Christine Williamson,"62 Edwards Oval, New Francesfort, NR8W 7XG",Mediterranean,7,94.43,2.91,97.34,card,delivered,2026-01-06T02:28:04,46,2.3,False
ORD-00344,RES-001,The Golden Fork,CUST-2738,Matthew Dickinson,"Studio 54, Long Ramp, East Clairestad, PA0X 6ES",Mexican,1,17.36,1.75,19.11,wallet,delivered,2025-12-19T10:47:16,68,4.7,False
ORD-00345,RES-001,The Golden Fork,CUST-7406,Miss Chelsea Parsons,"4 Charlene Circles, Geoffreymouth, B85 7SY",Japanese,1,13.85,3.36,17.21,wallet,cancelled,2026-03-21T20:01:55,72,1.5,False
ORD-00346,RES-001,The Golden Fork,CUST-3316,Rhys Phillips,"69 Stanley Courts, Spencerborough, ME8 2ZN",Italian,6,128.04,1.54,129.58,card,delivered,2026-03-17T12:29:22,70,4.5,False
ORD-00347,RES-001,The Golden Fork,CUST-6633,Dr Caroline Hughes,"40 Turner Locks, New Colin, WD9B 4DY",American,2,-15.33,4.11,-40.8,voucher,cancelled,2026-01-06T15:00:46,55,4.6,True
ORD-00348,RES-001,The Golden Fork,CUST-8557,Dr Allan Kelly,"Studio 46, Thorpe Locks, Sarahaven, SG82 8GY",Mediterranean,1,19.7,4.75,24.45,card,in_transit,2026-03-30T04:19:09,62,5.0,False
ORD-00349,RES-001,The Golden Fork,CUST-4842,Kenneth Benson,"Studio 89X, McDonald Stream, New Marcstad, CT32 6SP",Italian,8,170.0,2.75,172.75,wallet,delivered,2025-12-13T08:10:14,32,3.7,False
ORD-00350,RES-001,The Golden Fork,CUST-6182,Mr Elliott Martin,"Flat 24R, Carol Garden, East Alextown, M77 6BH",Indian,5,86.25,2.03,88.28,cash,delivered,2026-04-13T23:54:52,41,3.3,False
ORD-00351,RES-001,The Golden Fork,CUST-6432,Abigail Khan,"Studio 82P, Danielle Tunnel, North Jakemouth, M1G 1RF",Indian,7,75.53,2.75,78.28,voucher,preparing,2026-03-14T02:36:06,65,3.7,False
ORD-00352,RES-001,The Golden Fork,CUST-3293,Victoria Tyler,"Studio 1, Grace Crossing, Hughshire, IP3P 2EG",Japanese,3,49.53,1.79,51.32,cash,in_transit,2026-03-03T00:54:45,26,2.1,False
ORD-00353,RES-001,The Golden Fork,CUST-4485,Valerie Williams,"85 Elliott Plains, Jonesbury, WS2 7QN",Italian,1,19.1,3.52,22.62,wallet,preparing,2025-12-24T07:40:16,21,4.1,False
ORD-00354,RES-001,The Golden Fork,CUST-6961,Josephine Morgan,"348 Gordon Squares, Lydiaville, L7G 6LN",Japanese,5,42.9,3.25,46.15,card,cancelled,2025-12-17T06:02:55,34,1.4,False
ORD-00355,RES-001,The Golden Fork,CUST-3395,Elaine Jordan,"Studio 56Y, Henry Way, Port Abigailfort, KA5Y 1GL",Mediterranean,3,40.26,2.13,42.39,voucher,in_transit,2025-12-26T13:15:32,52,4.8,False
ORD-00356,RES-001,The Golden Fork,CUST-9485,Ryan Parsons,"Studio 00P, Harriet Mills, North Joanne, M59 1GJ",Mexican,2,21.2,2.32,23.52,voucher,preparing,2026-05-23T02:37:49,34,3.7,False
ORD-00357,RES-001,The Golden Fork,CUST-5314,Victor Miller,"Studio 7, Elliot Extensions, Lawrenceborough, S5 6RY",Japanese,2,34.82,3.32,38.14,cash,preparing,2026-02-06T09:23:39,40,4.3,False
ORD-00358,RES-001,The Golden Fork,CUST-9460,Claire Wells,"34 Adam Locks, Fosterberg, N2 0WS",Indian,2,29.02,2.81,31.83,wallet,in_transit,,61,4.6,True
ORD-00359,RES-001,The Golden Fork,CUST-4465,Dr Tom Hughes,"4 Morris Light, South Russell, L4T 6GS",American,8,72.56,1.77,74.33,cash,cancelled,2025-12-30T09:53:24,28,3.6,False
ORD-00360,RES-001,The Golden Fork,CUST-8844,Mr Stephen Harris,"735 Cunningham Mountains, Port Brandon, IV3Y 6ZL",Indian,0,0.0,2.65,2.65,cash,cancelled,2026-03-01T14:40:28,27,1.5,True
ORD-00361,RES-001,The Golden Fork,CUST-3406,Sophie Randall,"Flat 75, Christopher Glen, Stokesfurt, IG2V 9GL",Italian,3,-23.79,3.29,-24.17,cash,in_transit,2026-02-17T10:11:18,28,4.6,True
ORD-00362,RES-001,The Golden Fork,CUST-8723,Lynda Hughes,"Flat 15, Sanders Crescent, Samuelberg, WR45 4LZ",Indian,5,105.9,2.26,108.16,cash,cancelled,2026-01-08T14:24:24,66,3.4,False
ORD-00363,RES-001,The Golden Fork,CUST-6614,Dr Garry Webster,"Studio 72J, Manning Drive, East Justinton, EX27 1UB",Indian,3,48.48,3.28,51.76,card,cancelled,2026-02-16T15:16:30,57,1.7,False
ORD-00364,RES-001,The Golden Fork,CUST-3450,Antony Scott,"Studio 1, Harry Keys, East Glenburgh, M99 9AW",Japanese,4,58.4,4.67,63.07,card,cancelled,2026-02-25T22:18:14,21,3.7,False
ORD-00365,RES-001,The Golden Fork,CUST-9835,Mr Gavin Wall,"Studio 15b, Davies Springs, South Karenshire, N2 1TU",Italian,2,15.88,3.8,19.68,voucher,preparing,2026-01-31T14:48:18,70,4.6,False
ORD-00366,RES-001,The Golden Fork,CUST-6742,Terry Nolan,"Flat 9, Rose Street, East Anthony, GL5A 8ZR",Japanese,4,84.2,3.18,87.38,card,preparing,2026-02-28T08:41:47,47,4.1,False
ORD-00367,RES-001,The Golden Fork,CUST-4096,Suzanne Smith,"Flat 0, Ben Loaf, Kirbyberg, M7 4ZF",Italian,2,21.78,4.56,26.34,card,delivered,2026-04-29T01:55:31,34,8.3,True
ORD-00368,RES-001,The Golden Fork,CUST-5514,Mrs Sheila Lewis,"Studio 7, Moore Manors, Port Marystad, G6S 1BW",Mediterranean,5,52.75,3.37,56.12,voucher,cancelled,2026-02-17T23:20:11,47,3.3,False
ORD-00369,RES-001,The Golden Fork,CUST-6024,Dr Annette Wilson,"Studio 81, Jones Common, Hodgsonberg, ZE4H 4YB",Japanese,3,36.72,3.44,40.16,wallet,preparing,2026-02-16T16:35:45,50,2.0,False
ORD-00370,RES-001,The Golden Fork,CUST-9328,Ian Bell,"Studio 1, Benson Port, Owenview, E8A 7GG",Indian,8,149.12,4.81,153.93,wallet,delivered,2026-04-27T13:18:33,34,1.4,False
ORD-00371,RES-001,The Golden Fork,CUST-2444,Dr Daniel Barlow,"Studio 77, Cook Well, East Jeffrey, M1 8AA",Italian,2,38.52,3.15,41.67,wallet,cancelled,2026-04-21T21:46:20,71,3.4,False
ORD-00372,RES-001,The Golden Fork,CUST-5693,Mrs Linda Thompson,"Studio 69U, Stokes Via, Holliefurt, CA2 0HE",Mediterranean,7,146.51,2.9,149.41,card,cancelled,2026-02-28T07:48:18,66,3.6,False
ORD-00373,RES-001,The Golden Fork,CUST-4795,Mr Damien Coates,"23 Gray Walks, North Josh, CT76 1GF",Japanese,5,47.6,4.24,51.84,cash,delivered,2025-12-20T18:58:20,32,3.0,False
ORD-00374,RES-001,The Golden Fork,CUST-7474,Bruce Williams-Jones,"Studio 33, Pearce Village, Bentleytown, S6 9ZX",Indian,0,0.0,4.22,4.22,cash,delivered,2026-03-02T02:45:20,30,2.4,True
ORD-00375,RES-001,The Golden Fork,CUST-6693,Karen Jones-Jones,"080 Allen Plaza, West Eileenchester, CH79 7SA",Mexican,5,88.8,3.45,92.25,cash,cancelled,2025-12-04T07:28:15,55,3.3,False
ORD-00376,RES-001,The Golden Fork,CUST-5821,Dawn Wood,"Studio 3, Kate Spur, Mandymouth, M66 7GZ",Mexican,3,38.43,1.87,40.3,card,in_transit,2026-02-05T21:50:20,36,1.3,False
ORD-00377,RES-001,The Golden Fork,CUST-8517,Jean Marshall,"Flat 23, Lynda Overpass, Port Elizabethfort, EC3 0QL",Mediterranean,7,106.61,4.19,110.8,voucher,delivered,2026-01-15T16:09:36,48,4.0,False
ORD-00378,RES-001,The Golden Fork,CUST-6785,Ms Angela Finch,"61 Trevor Points, South Garry, TN5 8LF",Japanese,4,-24.05,2.3,-35.64,card,in_transit,2026-01-30T07:10:16,44,2.3,True
ORD-00379,RES-001,The Golden Fork,CUST-3994,Mr Jay Bentley,"Flat 1, Chelsea Canyon, East Harrietville, N24 8UE",Mediterranean,8,90.96,2.26,93.22,cash,preparing,2026-03-07T07:50:21,31,3.3,False
ORD-00380,RES-001,The Golden Fork,,,"7 Hilton Avenue, Port Elaine, GL8 1LQ",American,5,48.55,2.21,50.76,card,delivered,2026-04-12T02:39:05,75,2.0,True
ORD-00381,RES-001,The Golden Fork,CUST-5501,Gavin Evans-King,"Flat 26, Bell Mount, Robertmouth, B81 5PR",Indian,1,19.64,2.8,22.44,cash,in_transit,2025-12-10T12:54:41,20,2.3,False
ORD-00382,RES-001,The Golden Fork,CUST-1533,Mr Charlie Long,"084 Ahmed Springs, Terrystad, M8 6TH",Japanese,1,14.65,2.98,17.63,wallet,preparing,2026-02-21T02:37:44,28,4.8,False
ORD-00383,RES-001,The Golden Fork,CUST-7216,Graeme Pearson,"Studio 63t, Alan Plain, Janetberg, M3B 8PG",Japanese,8,91.12,1.53,92.65,card,in_transit,2025-12-09T04:57:13,64,3.7,False
ORD-00384,RES-001,The Golden Fork,CUST-6995,Lauren Ball,"68 Darren Ville, Garryhaven, CM0 7NY",American,5,50.9,3.14,54.04,voucher,preparing,2026-03-01T14:31:04,31,3.5,False
ORD-00385,RES-001,The Golden Fork,CUST-3148,Paul Price-Robinson,"Flat 49R, Gemma Pike, North Toby, L5H 2SS",Japanese,6,118.44,2.48,120.92,cash,delivered,2026-04-09T20:41:32,43,1.7,False
ORD-00386,RES-001,The Golden Fork,CUST-8749,Joanne Farmer,"Flat 71, Davies Lodge, Carrshire, RH67 6GF",Italian,7,66.78,4.29,71.07,cash,preparing,2026-03-25T02:50:53,74,4.0,False
ORD-00387,RES-001,The Golden Fork,CUST-1781,Philip Jones,"881 Caroline Mountains, Lake Charlesside, CM9 1EQ",Indian,6,112.02,2.55,114.57,card,cancelled,2026-01-26T05:28:26,60,3.2,False
ORD-00388,RES-001,The Golden Fork,CUST-5222,Jacob Thomas,"45 Harris Burgs, East Joan, BL44 2UA",Mexican,2,26.94,2.67,29.61,card,preparing,2026-05-18T03:34:04,50,2.4,False
ORD-00389,RES-001,The Golden Fork,CUST-5663,Harriet Stone,,Mexican,4,61.76,3.77,65.53,wallet,preparing,2026-05-01T22:30:37,58,3.2,True
ORD-00390,RES-001,The Golden Fork,CUST-6527,Graeme Bolton,"Flat 80Q, Newman Rue, Port Rogertown, M8S 8DH",Indian,8,130.32,2.01,132.33,voucher,delivered,2026-02-08T08:01:41,38,1.7,False
ORD-00391,RES-001,The Golden Fork,CUST-7479,Mathew Mellor,"80 Katy Place, North Henry, L97 8ZP",Mexican,0,0.0,3.98,3.98,voucher,in_transit,2026-05-13T05:05:06,40,3.4,True
ORD-00392,RES-001,The Golden Fork,CUST-5122,Mrs Grace Taylor,"Studio 2, Jennings Pines, Margaretview, E1 4FG",Mediterranean,3,59.22,1.94,61.16,card,cancelled,2026-01-02T17:57:54,30,1.9,False
ORD-00393,RES-001,The Golden Fork,CUST-2363,Tracey Nash-Watson,"520 Joel Loaf, West Patrickchester, EX6 0HJ",Italian,8,120.0,1.59,121.59,wallet,cancelled,2026-04-20T22:20:14,24,2.6,False
ORD-00394,RES-001,The Golden Fork,CUST-3071,Mr Louis Buckley,"05 Fisher Circles, Daybury, M8 3XF",American,5,50.3,4.07,54.37,cash,delivered,2026-05-11T13:26:24,44,2.8,False
ORD-00395,RES-001,The Golden Fork,CUST-9987,Ruth Rowley-Short,"82 Shannon Manors, Thomasmouth, M2A 7LZ",Indian,8,109.92,4.54,114.46,cash,cancelled,2026-05-24T13:03:25,40,4.7,False
ORD-00396,RES-001,The Golden Fork,CUST-6688,Bethan Palmer-Parsons,"Flat 2, Clifford Corners, Harrisonberg, NW4P 9WP",Indian,7,102.27,3.73,106.0,cash,delivered,2024-99-01T25:00:00,67,2.2,True
ORD-00397,RES-001,The Golden Fork,CUST-6634,Ronald Woods,"Flat 55, Kelly Rapid, Andrewberg, AB9R 0GS",Mexican,1,6.5,4.35,10.85,voucher,delivered,2026-02-28T21:10:11,39,4.4,False
ORD-00398,RES-001,The Golden Fork,CUST-1118,Damien Campbell,"180 Davies Knoll, Masonstad, DD01 5HT",Japanese,1,18.37,4.28,22.65,wallet,cancelled,2025-12-07T18:37:50,39,3.4,False
ORD-00399,RES-001,The Golden Fork,CUST-4614,Natalie Reid,"Flat 19, Mann Forges, South Linda, M7 0HR",Mexican,3,52.74,3.75,56.49,card,preparing,2026-02-16T16:58:55,35,4.3,False
ORD-00400,RES-001,The Golden Fork,CUST-7765,Olivia Pearce,"399 Gary Radial, Lake Gary, M93 3AX",American,5,54.55,4.09,58.64,card,cancelled,2025-12-24T02:52:32,71,4.2,False
ORD-00401,RES-001,The Golden Fork,CUST-1317,Malcolm Davies,"05 Watts Lodge, Adrianhaven, ME58 3BL",American,8,85.76,3.67,89.43,card,delivered,2026-04-29T01:18:40,49,1.8,False
ORD-00402,RES-001,The Golden Fork,CUST-9086,Dr Sally Burgess,"Flat 9, Eric Spurs, Haywardbury, G54 1AU",American,8,142.16,2.31,144.47,wallet,preparing,2026-04-16T07:08:03,28,1.6,False
ORD-00403,RES-001,The Golden Fork,CUST-1918,Mrs Naomi Roberts,"Flat 17, Maurice Village, Port Bretthaven, E99 1TY",Mexican,1,11.62,4.44,16.06,voucher,delivered,2026-03-14T19:02:51,64,4.8,False
ORD-00404,RES-001,The Golden Fork,CUST-5078,Patricia Simpson,"Flat 12d, Holloway Ridge, Collinston, B4W 6EZ",Indian,5,95.85,4.39,100.24,voucher,cancelled,2026-01-13T19:15:08,73,1.5,False
ORD-00405,RES-001,The Golden Fork,CUST-6113,Dr Connor Taylor,"Studio 7, Shaw River, West Naomitown, NE59 1EA",Mexican,2,29.16,4.93,34.09,cash,delivered,2026-05-25T03:56:33,69,2.9,False
ORD-00406,RES-001,The Golden Fork,CUST-4568,Joshua Wright,"845 Jones River, Skinnerberg, B2 9SW",Italian,5,47.9,4.6,52.5,cash,preparing,2026-01-12T18:19:04,50,4.5,False
ORD-00407,RES-001,The Golden Fork,CUST-8786,Antony Kemp,"49 Harris Branch, North Frank, B6F 3HD",Mediterranean,2,25.28,2.35,27.63,cash,in_transit,2026-03-11T10:15:30,37,4.9,False
ORD-00408,RES-001,The Golden Fork,CUST-1979,Ms Charlene Jones,"Studio 95, Fletcher Estates, South Lukefort, B33 9HJ",Mexican,6,125.58,4.98,130.56,cash,delivered,2026-05-11T03:15:49,25,3.5,False
ORD-00409,RES-001,The Golden Fork,CUST-7189,Roger Gough,"20 Potts Knolls, New Geoffreyberg, LA3 0AH",Mexican,6,113.94,3.03,116.97,cash,in_transit,2026-04-30T19:12:00,55,1.8,False
ORD-00410,RES-001,The Golden Fork,CUST-9906,Jean Coleman,"83 Dominic Brooks, Port Marcus, B2 1PH",Mexican,5,74.55,3.21,77.76,wallet,preparing,2026-05-22T18:40:52,55,3.3,False
ORD-00411,RES-001,The Golden Fork,CUST-5314,Carole Smith-Barker,"Studio 11j, Karl Fields, Garnermouth, S3A 8NF",Japanese,3,22.71,2.04,24.75,wallet,preparing,2026-03-23T14:27:25,55,2.2,False
ORD-00412,RES-001,The Golden Fork,CUST-4912,Ms Margaret Johnson,"973 Pauline Turnpike, East Natashafurt, SY8N 8TG",Mexican,3,60.57,3.66,64.23,card,preparing,2026-06-01T13:53:56,66,2.5,False
ORD-00413,RES-001,The Golden Fork,CUST-2809,Miss Marian Garner,,Italian,3,48.0,2.63,50.63,card,delivered,2026-04-14T17:42:49,69,3.6,True
ORD-00414,RES-001,The Golden Fork,,,"Studio 53, Natalie Passage, Rachelmouth, KY65 5LR",Mediterranean,2,28.04,1.84,29.88,voucher,in_transit,2026-04-30T04:31:18,32,3.3,True
ORD-00415,RES-001,The Golden Fork,CUST-2310,Louise Williams,"14 Martyn Forks, North Stevenstad, L5 5LN",Indian,1,20.92,2.23,23.15,card,in_transit,2026-03-01T02:47:35,24,9.5,True
ORD-00416,RES-001,The Golden Fork,CUST-9511,Maurice Brady-Bates,"Flat 4, Fuller Tunnel, Hardingshire, AL7X 6JJ",Italian,2,38.86,1.77,40.63,card,cancelled,2026-05-18T15:08:47,22,1.9,False
ORD-00417,RES-001,The Golden Fork,CUST-7802,Stuart Jones-Lewis,"Flat 15m, Moran Square, Kellymouth, B5C 4AU",Mediterranean,4,61.36,4.81,66.17,card,in_transit,2026-01-16T22:14:08,53,3.2,False
ORD-00418,RES-001,The Golden Fork,CUST-6529,Dr Leslie Wilson,"Studio 84u, Kirsty Turnpike, East Carlmouth, S6D 1XR",Mediterranean,2,18.18,2.13,20.31,cash,preparing,2025-12-11T19:41:38,47,2.6,False
ORD-00419,RES-001,The Golden Fork,CUST-6299,Jenna Griffiths,"Flat 2, Frances Plaza, North Charlene, W0C 1RN",Japanese,6,77.34,3.71,81.05,cash,cancelled,2026-03-03T23:51:00,74,4.3,False
ORD-00420,RES-001,The Golden Fork,CUST-1567,Megan Harris,"Flat 5, Ronald Islands, Dickinsonville, S71 3FH",Mexican,6,128.46,3.06,131.52,card,cancelled,2026-02-25T16:26:33,36,2.6,False
ORD-00421,RES-001,The Golden Fork,CUST-5521,Alexandra Summers-King,"Studio 38, White Avenue, South Philip, PL38 9UT",Japanese,6,41.04,4.37,45.41,cash,delivered,2026-03-17T10:07:06,33,3.8,False
ORD-00422,RES-001,The Golden Fork,CUST-5920,Gerard Thomas,"Studio 75S, Dickinson View, South Frederick, S76 9ER",Italian,5,60.95,3.53,64.48,voucher,cancelled,2026-05-23T20:04:11,28,1.9,False
ORD-00423,RES-001,The Golden Fork,CUST-2562,Daniel Smith-Taylor,"Studio 13F, Chambers Plaza, West Martinville, N6H 4HW",Japanese,3,42.21,4.64,46.85,wallet,delivered,2026-05-13T11:05:30,50,3.8,False
ORD-00424,RES-001,The Golden Fork,CUST-2974,Kate Payne,"Flat 63z, Mark Glen, Lake Barrymouth, SW7R 1DX",American,6,71.34,4.35,75.69,card,preparing,2026-01-05T22:20:31,23,2.7,False
ORD-00425,RES-001,The Golden Fork,CUST-7436,Adrian Edwards,"42 Jack Rest, East Billyville, S2B 4FT",Indian,3,34.71,3.94,38.65,card,cancelled,2024-99-01T25:00:00,40,1.6,True
ORD-00426,RES-001,The Golden Fork,CUST-2393,Ms Gillian Edwards,"Studio 08P, Janet Spurs, Louiseton, B0U 3JQ",Indian,8,122.88,1.67,124.55,voucher,cancelled,2026-02-22T06:17:59,25,2.6,False
ORD-00427,RES-001,The Golden Fork,CUST-9589,Caroline Green,"5 Gail Skyway, East Lewisburgh, DA0P 5PX",American,7,116.27,2.18,118.45,cash,delivered,2026-04-28T18:51:08,51,3.5,False
ORD-00428,RES-001,The Golden Fork,CUST-4120,Neil Johnson,"Flat 3, Kenneth Knolls, Kyletown, SA50 3TJ",Mexican,2,16.48,2.94,19.42,wallet,delivered,2026-03-25T21:05:37,56,2.5,False
ORD-00429,RES-001,The Golden Fork,CUST-4825,Lydia Sharp,"3 Atkins Rapid, Robinsonville, NN9E 1ZP",American,8,129.28,3.04,132.32,wallet,cancelled,2026-03-16T05:03:41,72,4.7,False
ORD-00430,RES-001,The Golden Fork,CUST-2823,Damien McCarthy,"Flat 57, Albert Brook, Palmerbury, B3A 4JS",Mexican,3,59.91,4.36,64.27,voucher,preparing,2026-05-12T06:39:17,35,1.1,False
ORD-00431,RES-001,The Golden Fork,CUST-8913,Mr Dylan Hooper,"Studio 4, Derek Lane, Lake Ian, W52 5BW",Japanese,4,38.64,3.33,41.97,cash,delivered,2026-05-28T00:12:33,54,2.0,False
ORD-00432,RES-001,The Golden Fork,CUST-5444,Dr Brandon Cartwright,"553 Sheila Center, Port Joyce, SR3W 8PG",Italian,1,10.46,1.71,12.17,voucher,delivered,2026-02-25T15:28:38,53,1.8,False
ORD-00433,RES-001,The Golden Fork,CUST-7332,Guy Bailey,"0 Dennis Crossroad, East Jennaside, L81 7NG",American,6,119.4,1.57,120.97,voucher,delivered,2026-05-15T21:44:03,62,4.5,False
ORD-00434,RES-001,The Golden Fork,CUST-1352,Nigel Smith-Noble,"Flat 97O, Abdul Wall, Francisstad, IM27 6WZ",Italian,2,18.78,3.25,22.03,cash,shipped,2026-03-13T18:30:42,54,2.8,True
ORD-00435,RES-001,The Golden Fork,CUST-9212,Robin Carter-Perry,"61 Wright Drives, West Jessica, HA74 8ZU",Mexican,6,72.06,2.56,74.62,card,in_transit,2026-02-21T11:16:19,42,5.0,False
ORD-00436,RES-001,The Golden Fork,CUST-7262,Zoe Khan,"3 James Wall, Abigailfurt, IV56 4YD",Japanese,3,35.4,2.87,38.27,cash,preparing,2026-02-23T09:51:03,34,1.5,False
ORD-00437,RES-001,The Golden Fork,CUST-9869,Mrs Helen Cooper,"45 Thomson Land, Lake Emmachester, EH3R 5AF",Mediterranean,6,80.76,1.96,82.72,cash,cancelled,2026-04-01T16:16:53,39,3.6,False
ORD-00438,RES-001,The Golden Fork,CUST-3589,Sylvia Murphy-Davies,"920 Colin Row, Simmonsshire, L6 6LN",Mexican,3,39.51,4.67,44.18,card,delivered,2026-03-14T11:40:23,53,4.1,False
ORD-00439,RES-001,The Golden Fork,CUST-7737,Vincent Slater,"Studio 61g, Bradley Grove, Lake Patricia, HA0E 0ED",Mexican,1,18.36,4.57,22.93,voucher,in_transit,2026-04-15T23:32:24,29,2.7,False
ORD-00440,RES-001,The Golden Fork,CUST-4783,Dr Marcus Fletcher,"Flat 25, Geraldine Dale, South Justin, E7K 2HB",Japanese,1,18.32,3.64,21.96,cash,cancelled,2026-04-25T04:20:12,31,2.1,False
ORD-00441,RES-001,The Golden Fork,CUST-7126,George Law-Lucas,"Studio 91O, Jason Hill, South Harryview, N0 7UE",American,8,68.64,4.45,73.09,voucher,preparing,2025-12-09T10:04:15,64,2.9,False
ORD-00442,RES-001,The Golden Fork,CUST-7767,Emma Phillips,"3 Nicola Rapids, Daniellefort, PL6 5PP",American,1,12.83,4.88,17.71,cash,cancelled,2026-02-01T06:16:08,34,4.7,False
ORD-00443,RES-001,The Golden Fork,CUST-8005,Mr Jeremy King,"51 Caroline Ways, Woodberg, E8 3QT",Indian,8,137.28,4.53,141.81,card,preparing,2026-05-17T04:26:52,75,4.6,False
ORD-00444,RES-001,The Golden Fork,CUST-1694,Glenn Slater,"Studio 30O, Brown Lake, Port Victormouth, W69 5SU",American,1,14.57,3.08,17.65,voucher,delivered,2026-03-13T21:46:33,56,4.3,False
ORD-00445,RES-001,The Golden Fork,CUST-5684,Bruce Howe,"Studio 32, Scott Parks, West Ellieside, DA71 8JJ",Indian,1,9.44,3.03,12.47,cash,,2026-01-10T21:52:32,60,4.5,True
ORD-00446,RES-001,The Golden Fork,CUST-2854,Chloe Mitchell,"02 Poole Trafficway, Geraldview, LN1X 8UD",American,8,154.88,3.08,157.96,cash,preparing,2024-99-01T25:00:00,29,3.9,True
ORD-00447,RES-001,The Golden Fork,CUST-3686,Dr Nathan Begum,"Studio 6, Mann Fork, Connorport, E1 9HE",Mediterranean,4,80.72,1.81,82.53,card,delivered,2026-02-07T10:14:51,57,2.3,False
ORD-00448,RES-001,The Golden Fork,CUST-9383,Jeffrey Clarke,"Studio 04, Marie Plain, Port Charlotte, HD52 1RA",Japanese,2,29.24,2.84,32.08,cash,preparing,2026-05-03T11:57:40,43,8.9,True
ORD-00449,RES-001,The Golden Fork,CUST-6071,Bernard Saunders,"72 Lane Shores, New Stanleyport, E4W 3UN",Mediterranean,3,27.81,3.99,31.8,voucher,in_transit,2026-01-08T12:31:11,30,2.7,False
ORD-00450,RES-001,The Golden Fork,CUST-9153,Roy Howard-Barker,"302 Wood Hills, North Lorraine, HR67 6RD",Indian,4,26.2,4.17,30.37,card,preparing,2025-12-24T05:18:23,28,1.0,False
ORD-00451,RES-001,The Golden Fork,CUST-5009,Patrick Bird,"Flat 2, Mitchell Prairie, Port Carolynport, SA29 7UN",Japanese,8,102.88,1.78,104.66,wallet,cancelled,2026-04-03T03:48:38,50,3.4,False
ORD-00452,RES-001,The Golden Fork,CUST-5889,Kelly Lloyd,"91 Nicola Meadow, North Lewis, LN2 1WP",Mexican,6,42.42,4.48,46.9,card,delivered,2026-05-21T05:17:17,61,3.7,False
ORD-00453,RES-001,The Golden Fork,CUST-3906,Charlie Morgan,"1 Patricia Overpass, Charleneburgh, SW6Y 7RL",Indian,5,79.85,3.91,83.76,wallet,delivered,2026-05-05T21:15:10,63,3.4,False
ORD-00454,RES-001,The Golden Fork,CUST-8713,Toby Williams,"1 Wendy Row, North Kate, W4T 9GR",American,2,36.52,4.44,40.96,card,in_transit,2026-05-10T01:05:57,44,1.3,False
ORD-00455,RES-001,The Golden Fork,CUST-9666,Brandon Campbell,"5 Shannon Ferry, Cartwrighttown, NW88 1WY",Italian,4,63.96,1.88,65.84,voucher,in_transit,yesterday,33,3.9,True
ORD-00456,RES-001,The Golden Fork,CUST-9154,Victor Harvey,"9 Christopher Point, Robertsville, G9 2DX",Indian,6,125.22,3.64,128.86,cash,cancelled,2026-03-13T01:52:44,59,3.0,False
ORD-00457,RES-001,The Golden Fork,CUST-7793,Christine Cunningham-Harvey,"Studio 26, Frederick Hills, New Billyside, CR97 8QZ",Indian,8,129.52,1.91,131.43,card,,2026-03-20T04:26:13,21,4.4,True
ORD-00458,RES-001,The Golden Fork,CUST-6307,Conor Kelly,"0 Patrick Hills, East Mandy, L9F 2ZS",Italian,5,52.2,1.74,53.94,card,in_transit,2025-12-21T04:25:40,32,2.2,False
ORD-00459,RES-001,The Golden Fork,CUST-8849,Harriet Smith,"71 Davies Square, New Dennis, M3 9WZ",Indian,1,19.4,2.18,21.58,card,cancelled,2026-03-06T21:39:44,59,4.3,False
ORD-00460,RES-001,The Golden Fork,CUST-1917,Anna Fuller,"Studio 0, Martin Groves, New Jamieside, BR51 5LF",Japanese,6,82.02,4.34,86.36,wallet,in_transit,2026-01-30T05:45:51,75,4.7,False
ORD-00461,RES-001,The Golden Fork,CUST-3446,Mr Ashley Potts,"11 Kerry Stream, Joanfort, N9 8LZ",Mexican,6,113.34,4.6,117.94,card,in_transit,2026-01-10T17:25:07,56,2.4,False
ORD-00462,RES-001,The Golden Fork,CUST-6050,Jessica Thompson,"88 Jones Crossroad, Johnhaven, CV2E 9LB",Mediterranean,7,65.8,1.91,67.71,wallet,delivered,2026-02-25T13:51:27,30,4.1,False
ORD-00463,RES-001,The Golden Fork,CUST-5953,Stanley Simpson-Goddard,"Studio 72C, Roberts Parkway, Martynchester, L4S 4SP",American,6,81.0,4.82,85.82,card,in_transit,2026-03-24T21:20:49,35,1.9,False
ORD-00464,RES-001,The Golden Fork,CUST-6572,Mr Elliott Hooper,"9 Graham Summit, Andreafort, S8 7UW",Indian,1,18.88,4.66,23.54,wallet,in_transit,2026-05-24T03:28:15,48,1.6,False
ORD-00465,RES-001,The Golden Fork,,,"Flat 9, Thomas Station, Campbellstad, B97 8JG",Italian,3,29.04,1.63,30.67,card,in_transit,2026-04-27T06:33:47,63,2.6,True
ORD-00466,RES-001,The Golden Fork,CUST-6119,Shannon Bryant,"76 Karen Creek, Josephinebury, E4E 4LH",Italian,8,162.24,1.86,164.1,wallet,cancelled,2025-12-08T14:31:15,41,4.1,False
ORD-00467,RES-001,The Golden Fork,CUST-3580,Vanessa Pearce,"Studio 80D, Tomlinson Avenue, Millsstad, B5 6QA",Mexican,6,110.88,3.84,114.72,card,delivered,2026-03-12T04:14:02,37,2.1,False
ORD-00468,RES-001,The Golden Fork,CUST-5641,Alexandra Hughes,"17 Dean Trafficway, Ericfort, IG45 2XL",Japanese,6,90.12,2.45,92.57,cash,cancelled,2025-12-24T16:54:14,33,4.8,False
ORD-00469,RES-001,The Golden Fork,CUST-1826,Beverley Lynch,"5 Bailey Ways, North Karl, BH2 6PB",Italian,8,58.32,1.6,59.92,voucher,delivered,2026-05-15T00:46:23,41,4.6,False
ORD-00470,RES-001,The Golden Fork,CUST-9740,Charlene Ryan,"Flat 6, Walton Union, West Tracey, S2B 0FF",Italian,8,128.4,2.59,130.99,voucher,cancelled,2026-05-10T21:01:09,65,4.3,False
ORD-00471,RES-001,The Golden Fork,CUST-4796,Mrs Amelia Smith,"Studio 06, Harris Oval, Port Annebury, G8C 4EL",American,5,85.55,3.98,89.53,cash,in_transit,2026-05-09T11:57:14,49,2.9,False
ORD-00472,RES-001,The Golden Fork,CUST-1495,Harry King-Mahmood,"892 Marie Roads, East Trevor, S04 2SA",Italian,6,112.38,4.58,116.96,voucher,delivered,2026-02-28T22:14:36,62,2.8,False
ORD-00473,RES-001,The Golden Fork,CUST-2686,Oliver Green,"Studio 8, Harrison Fort, West Rachel, BN86 4EL",Indian,5,92.0,3.61,95.61,card,in_transit,2026-03-04T18:56:26,30,1.5,False
ORD-00474,RES-001,The Golden Fork,CUST-9977,Miss Melanie Ellis,"Flat 2, David Center, Phillipport, FY91 2LU",American,8,101.68,2.94,104.62,voucher,preparing,2026-01-10T14:21:30,39,3.5,False
ORD-00475,RES-001,The Golden Fork,CUST-9921,Miss Kathleen Griffiths,"55 Smith Harbor, New Jacqueline, E2 0YH",Mediterranean,7,130.62,3.02,133.64,cash,cancelled,2026-05-17T00:12:28,64,4.1,False
ORD-00476,RES-001,The Golden Fork,CUST-2599,Lindsey Williams,"954 Scott Flats, North Scott, S84 5TE",Indian,8,66.16,3.58,69.74,cash,in_transit,2025-12-14T13:21:33,65,2.3,False
ORD-00477,RES-001,The Golden Fork,CUST-4565,Mrs Jodie Burton,"424 Anna Circle, Lake Patricia, SL88 2TW",American,7,80.99,3.75,84.74,card,cancelled,2026-02-19T07:48:14,63,1.2,False
ORD-00478,RES-001,The Golden Fork,CUST-6187,Dr Suzanne Jenkins,"2 Jenna Square, Port Sallymouth, M4W 4LX",Mexican,7,112.28,3.06,115.34,wallet,preparing,2025-12-15T05:57:46,38,1.8,False
ORD-00479,RES-001,The Golden Fork,,,"Flat 2, Bennett Groves, Lake Frederickborough, E0S 9QP",Italian,7,137.48,4.48,141.96,card,in_transit,2026-03-06T07:49:20,59,1.2,True
ORD-00480,RES-001,The Golden Fork,CUST-8130,Lindsey Young,"94 Robinson Road, Port Susanbury, FY2M 8YE",Japanese,7,113.33,3.98,117.31,cash,cancelled,2026-03-22T10:10:53,64,2.6,False
ORD-00481,RES-001,The Golden Fork,CUST-3056,Leigh Palmer-Lambert,"Flat 54, Kimberley Roads, Bryanbury, SR6N 7DU",American,0,0.0,2.04,2.04,card,delivered,2026-02-01T06:13:45,44,5.0,True
ORD-00482,RES-001,The Golden Fork,CUST-7813,Fiona Gallagher,"724 Dylan Estates, Port Lisa, PL3B 1SJ",Indian,7,151.27,1.97,153.24,voucher,cancelled,2026-05-29T05:39:24,51,1.5,False
ORD-00483,RES-001,The Golden Fork,CUST-1121,Brandon Morgan,"091 Cooper Creek, Port Carlyton, L14 9AA",Japanese,8,99.68,2.29,101.97,voucher,cancelled,2026-02-05T17:58:45,72,2.7,False
ORD-00484,RES-001,The Golden Fork,CUST-7038,Mr Mathew Newman,"2 Carter Mills, West Mohamed, CV30 8EA",Italian,6,-18.95,1.63,-13.5,voucher,delivered,2026-01-25T01:59:21,54,2.9,True
ORD-00485,RES-001,The Golden Fork,CUST-2279,Mr Lee Dunn,"Flat 03, Julian Meadow, Kennedyport, S17 1JE",Mediterranean,2,20.6,3.7,24.3,wallet,delivered,2026-03-22T19:53:15,53,3.7,False
ORD-00486,RES-001,The Golden Fork,CUST-7897,Eleanor Wallis-Shepherd,"9 Antony Meadow, Graceburgh, KW2X 9NQ",Mexican,8,115.6,3.14,118.74,wallet,in_transit,2026-03-06T16:37:20,50,3.9,False
ORD-00487,RES-001,The Golden Fork,CUST-8752,Abigail Bell,"Studio 10j, Stanley Drive, Williamsfort, E9 4FD",Japanese,0,0.0,3.47,3.47,cash,delivered,2026-04-21T08:41:21,58,1.2,True
ORD-00488,RES-001,The Golden Fork,CUST-5552,Ms Katie Read,"Studio 6, Faulkner Loop, Ashleybury, KT87 8XJ",Mexican,8,62.24,3.26,65.5,cash,in_transit,2026-03-19T10:47:19,38,4.4,False
ORD-00489,RES-001,The Golden Fork,CUST-7058,Mrs Leah Edwards,"5 Dennis Vista, West Nicolefort, E05 2NT",American,3,61.83,4.08,65.91,wallet,cancelled,2026-03-24T02:25:33,27,3.6,False
ORD-00490,RES-001,The Golden Fork,CUST-3525,Julia Page,"3 Ashley Crest, South Richard, KW5A 9DU",Indian,1,11.81,1.79,13.6,voucher,preparing,2026-01-29T04:34:47,75,1.6,False
ORD-00491,RES-001,The Golden Fork,CUST-5331,Mr Stephen Kennedy,"1 Shirley Village, Burrowsburgh, SW28 7SP",Italian,3,29.31,4.06,33.37,card,cancelled,,60,2.4,True
ORD-00492,RES-001,The Golden Fork,CUST-3378,Brandon Booth,"0 Rachael Terrace, New Shaun, S6 8LY",Japanese,4,49.56,3.96,53.52,voucher,delivered,2026-02-01T00:55:33,68,2.9,False
ORD-00493,RES-001,The Golden Fork,CUST-8074,Carl Ellis,"18 Stewart Crossroad, South Marian, L6 8ZD",Japanese,1,8.01,3.35,11.36,wallet,in_transit,2026-03-20T20:01:37,40,2.4,False
ORD-00494,RES-001,The Golden Fork,CUST-4193,Dr Shane Webster,"Flat 05, Chamberlain Coves, North Lindamouth, L4 8ED",Japanese,7,95.55,3.86,99.41,wallet,cancelled,2026-03-25T01:35:14,36,2.0,False
ORD-00495,RES-001,The Golden Fork,CUST-8306,Hilary Brown,"303 Cunningham Port, New Pamelaton, N1 0QN",Mexican,2,13.38,1.84,15.22,cash,in_transit,2026-03-13T17:25:37,20,1.4,False
ORD-00496,RES-001,The Golden Fork,CUST-4552,Ms Sally Mitchell,"156 Stephanie Valley, North Kate, LS90 2FT",Japanese,2,14.76,3.57,18.33,card,delivered,2026-03-30T04:24:19,59,4.6,False
ORD-00497,RES-001,The Golden Fork,CUST-8650,Aimee Green,"228 Williams Curve, Gregorystad, S0T 3HZ",Mediterranean,3,61.17,3.93,65.1,card,shipped,2026-05-10T15:17:56,62,2.0,True
ORD-00498,RES-001,The Golden Fork,CUST-7271,Ian Hayward,"2 Kaur Union, South Neilmouth, DA4 1LY",Indian,5,45.05,1.76,46.81,wallet,delivered,2025-12-06T12:36:31,40,4.1,False
ORD-00499,RES-001,The Golden Fork,CUST-9061,Miss Tracey Hammond,"Studio 4, Brooks Dam, New Hollyton, WF4 6ZF",Italian,8,173.44,2.2,175.64,cash,preparing,2026-03-28T02:14:52,24,2.6,False
ORD-00500,RES-001,The Golden Fork,CUST-5105,Justin Lewis,"Flat 6, Smith Wells, New Carlyton, TQ3Y 2EN",Indian,5,40.5,1.75,42.25,card,preparing,2026-04-07T14:45:14,48,3.3,False
